#{"t_start": 1763045238.180543, "env_id": "None"}
r,l,t
-15.7,17,0.851547
-18.5,25,0.853058
-28.7,27,0.854498
-25.4,24,0.855799
-20.9,69,0.859881
-9.2,22,0.86107
-24.6,36,0.862892
-3.3,33,0.864514
-21.4,24,0.866171
-25.3,53,0.868752
-18.7,27,0.870153
-7.8,28,0.871556
-9.5,15,0.872763
-22.3,23,0.873989
-35.2,162,0.881825
-5.5,35,0.883572
-0.4,34,0.885628
-23.5,35,0.887334
-18.8,18,0.888266
-31.8,48,0.890644
3.1,79,0.894949
-0.9,29,0.896656
-9.2,12,0.897693
-19.7,37,0.900246
-19.1,31,0.902527
-3.5,35,0.904399
-21.7,17,0.905362
-25.9,19,1.094844
-34.9,69,1.129132
-20.8,18,1.138662
-19.2,22,1.149436
-31.0,20,1.158287
3.7,13,1.16466
-32.2,92,1.211734
-25.5,75,1.24898
-0.0,50,1.276459
-18.4,34,1.292299
-22.5,25,1.302986
-14.3,23,1.314329
-36.0,110,1.365432
-4.8,68,1.400767
-34.7,87,1.440632
-25.7,17,1.449498
-24.0,50,1.469992
-16.9,29,1.482976
-12.9,49,1.505753
-17.7,97,1.54747
-22.4,34,1.562249
-3.9,19,1.572654
-20.4,74,1.60702
-23.0,20,1.616899
-14.5,25,1.626798
-15.5,55,1.653102
-14.0,50,1.673834
-3.4,94,1.718455
-2.7,37,1.733874
-27.1,51,1.75865
-16.6,16,1.765244
-12.7,87,1.805957
-31.7,97,1.851436
-25.7,37,1.870083
-30.1,41,1.887899
-24.3,43,1.909186
-31.8,88,1.953284
-32.2,72,1.989994
-25.9,19,2.001715
-9.6,36,2.017847
-27.4,24,2.028137
-10.5,25,2.039402
-7.7,37,2.054907
-21.9,39,2.073869
-24.1,21,2.084816
-15.8,28,2.099747
-23.5,15,2.108198
-20.0,10,2.112492
-28.7,27,2.124363
-20.8,18,2.133387
-19.7,17,2.141062
-20.4,134,2.204171
-27.9,39,2.221423
-15.2,22,2.234226
-20.2,32,2.249477
-22.0,50,2.273942
-12.9,109,2.325143
-3.1,31,2.34146
-18.1,21,2.351996
-7.4,44,2.373421
-33.1,31,2.388963
-18.1,41,2.407178
-16.4,14,2.415877
-26.7,127,2.477999
-32.5,105,2.525623
-26.5,25,2.546357
-0.8,48,2.567948
11.4,86,2.608678
-23.9,19,2.617414
-26.7,47,2.641527
-36.6,96,2.685656
-13.8,118,2.746383
-13.4,44,2.769265
-18.8,98,2.816659
-34.8,98,2.866311
-9.0,20,2.8762
-20.5,25,2.888639
-17.3,93,2.93367
-18.5,25,2.946033
-16.9,29,2.960347
-8.8,38,2.977423
-27.2,62,3.006938
-11.0,40,3.024205
-29.8,108,3.072691
-11.7,37,3.08957
-6.6,16,3.09661
-27.1,51,3.119539
-19.7,117,3.172783
-25.4,44,3.19301
-24.5,45,3.214508
-12.6,86,3.252071
-8.2,62,3.278325
-20.4,14,3.284894
-16.2,32,3.300591
-25.6,26,3.311603
-21.2,22,3.322533
-26.3,43,3.340484
-31.9,139,3.413012
-35.1,71,3.447602
-29.6,186,3.534048
-24.4,14,3.543447
-24.0,30,3.561044
-7.5,35,3.58015
-28.0,30,3.594827
-5.1,11,3.599171
-22.1,21,3.610584
-28.0,110,3.659488
-11.1,31,3.673507
-20.3,43,3.692189
-18.9,29,3.705765
-22.6,56,3.733393
-21.3,13,3.739137
-22.1,21,3.748232
-14.4,14,3.756872
-14.8,38,3.772604
-2.7,37,3.792084
-10.8,58,3.817196
-11.8,68,3.852236
-21.2,62,3.883134
-22.4,54,3.909878
-14.0,30,3.924791
-14.0,30,3.939307
-25.7,37,3.956203
-20.1,61,3.986812
-6.2,92,4.029872
-12.2,32,4.044105
-24.5,45,4.064773
-22.2,12,4.071049
-4.7,17,4.079436
-11.4,44,4.099504
-4.1,21,4.109523
-18.5,25,4.122255
-38.4,114,4.174947
-17.7,37,4.193854
-9.3,33,4.211103
-13.9,39,4.229674
-22.0,30,4.244427
-27.4,44,4.265201
-29.7,77,4.303766
-25.2,22,4.314805
-18.4,14,4.321206
-30.1,121,4.375296
-4.3,43,4.396414
-24.8,58,4.423851
-3.0,40,4.442037
-22.0,60,4.470363
-19.2,62,4.496324
2.0,50,4.518882
-17.4,64,4.548942
-12.4,94,4.588235
-5.7,37,4.606021
-14.6,106,4.661903
-23.7,17,4.668946
-23.0,40,4.68645
-8.4,14,4.69531
-11.8,258,4.815808
-28.2,52,4.837579
-30.3,63,4.868094
-34.2,52,4.890662
-23.2,22,4.899092
-9.1,61,4.930036
-22.8,78,4.972254
-14.6,16,4.979562
-13.3,33,4.993184
-24.1,41,5.02037
-5.0,60,5.049748
-31.3,33,5.064728
-10.8,38,5.08356
-25.8,28,5.103075
-20.6,16,5.112917
-21.6,46,5.138706
-8.4,54,5.164187
-12.6,76,5.204229
-20.2,52,5.230379
-22.6,136,5.300727
-26.4,94,5.349
-32.1,61,5.38001
-23.8,48,5.403947
-15.6,86,5.458013
-28.0,150,5.529605
-20.8,78,5.570673
-17.5,15,5.577128
-28.0,90,5.622466
-19.6,26,5.634086
-23.4,104,5.686571
10.1,29,5.703752
-9.7,37,5.722661
-18.6,16,5.730187
-18.4,34,5.746497
-27.4,64,5.779977
-24.0,50,5.805245
5.8,102,5.861762
-26.2,82,5.907345
-2.5,55,5.934413
-13.0,20,5.944081
-20.1,21,5.95305
-30.1,41,5.972263
-16.3,23,5.983662
-2.7,57,6.008985
-7.7,107,6.060763
-15.2,102,6.108129
-20.4,14,6.11588
-20.0,30,6.130466
-11.7,17,6.140876
-20.9,49,6.164202
-11.9,39,6.183491
-11.8,28,6.196452
-20.2,52,6.221851
-17.9,19,6.229525
-26.1,61,6.260676
-34.8,178,6.342161
-6.8,38,6.360531
-17.7,77,6.39681
-5.9,99,6.443246
-18.7,87,6.480921
5.1,39,6.50012
-24.8,38,6.519482
-5.2,22,6.531307
-5.4,64,6.563241
-5.1,51,6.588328
-26.0,70,6.619562
-12.7,27,6.631537
-19.9,19,6.639948
-20.7,27,6.65397
-22.3,43,6.673955
4.3,47,6.696678
-39.1,131,6.756875
-6.0,50,6.779675
-2.2,22,6.791975
-14.4,54,6.817649
-28.0,50,6.842655
-23.4,44,6.862567
1.3,37,6.878857
-23.1,31,6.894414
-27.3,73,6.929806
-27.2,42,6.948354
-22.3,43,6.966755
-25.6,66,6.999776
-27.1,51,7.023283
0.5,45,7.042516
8.1,29,7.055581
-17.7,17,7.06369
-19.2,42,7.084531
-27.9,59,7.111621
-34.8,78,7.142923
-31.8,48,7.16525
-9.5,125,7.220934
-30.8,38,7.238414
-10.3,23,7.250501
-19.1,31,7.263063
-30.6,116,7.332232
-20.6,76,7.40311
-19.4,24,7.426362
-13.0,80,7.502688
-6.6,36,7.538611
2.1,19,7.560521
-18.1,21,7.579781
-25.3,33,7.615439
-21.2,82,7.700866
-34.0,90,7.78867
-17.0,40,7.829575
-16.9,49,7.884252
-19.9,19,7.906275
-32.0,70,7.977129
-20.0,30,8.005924
-17.8,48,8.05924
-35.4,124,8.186589
-25.2,42,8.235736
-21.7,17,8.250837
-38.8,178,8.439419
-13.5,35,8.478809
-7.7,17,8.494683
-15.8,108,8.606436
-6.2,32,8.639181
-20.9,49,8.689954
-10.9,79,8.778381
-19.3,113,8.894558
-17.5,35,8.935921
-19.5,115,9.046552
-17.4,24,9.070842
-25.1,31,9.099428
-31.0,100,9.20212
-4.6,86,9.30247
-12.2,32,9.331602
-6.9,49,9.379929
-19.1,11,9.392128
-31.4,44,9.436821
-13.6,26,9.461807
-19.6,46,9.511487
-27.0,20,9.535358
-6.9,29,9.56572
-36.3,123,9.692621
-22.0,50,9.744095
-21.6,26,9.77249
-7.5,15,9.796935
-31.9,119,9.923645
-20.4,34,9.961188
-24.1,21,9.9828
-24.1,81,10.077699
-19.7,37,10.123868
-19.3,133,10.277583
-3.3,83,10.369493
-1.6,26,10.39875
-11.3,13,10.411156
-21.6,46,10.459939
-20.4,34,10.494019
-25.7,77,10.578302
-28.7,27,10.605259
-18.3,23,10.628761
-17.2,42,10.672342
-14.8,18,10.689166
1.9,11,10.702985
-39.1,111,10.820291
-23.3,33,10.85854
-21.5,15,10.874697
-2.9,49,10.928259
-24.7,27,10.956572
-9.3,13,10.970925
-18.3,63,11.042631
-24.8,38,11.078802
-17.7,17,11.095273
-7.0,20,11.115836
-18.7,27,11.146643
-19.8,48,11.193688
-8.0,30,11.226798
-29.5,55,11.288271
-30.7,127,11.430093
-11.2,62,11.500525
-19.8,28,11.52829
-39.2,182,11.726505
-31.6,166,11.915668
-10.5,105,12.029707
-11.1,51,12.085552
-18.6,56,12.142366
1.1,29,12.170972
-30.5,25,12.194969
-23.4,24,12.219162
-21.1,11,12.232777
-19.2,42,12.280869
-25.8,48,12.334516
-11.8,28,12.367735
-25.3,73,12.453899
-7.3,53,12.509222
-20.9,69,12.581856
-29.1,31,12.614785
-26.8,38,12.65192
-25.8,108,12.797447
-29.9,59,12.929066
-18.8,78,12.967557
-29.2,162,13.043974
-22.5,25,13.055086
-23.3,33,13.07148
-29.1,71,13.10333
-20.5,25,13.116812
5.0,50,13.140131
-21.1,51,13.163805
-27.0,100,13.210994
-21.6,46,13.233525
-42.5,185,13.324836
-23.3,73,13.528229
-19.2,62,13.556987
-26.0,70,13.59176
-34.1,121,13.646504
-32.6,76,13.683007
-15.6,96,13.72911
-8.3,33,13.743855
-27.4,24,13.75474
-22.9,29,13.77063
-14.3,23,13.781113
-11.9,99,13.829975
-3.7,17,13.839039
-22.1,61,13.869826
-20.0,10,13.873538
-21.3,53,13.897497
5.4,36,13.914282
-11.1,31,13.929058
-25.1,61,13.958374
-26.6,16,13.966701
-18.6,36,13.986704
2.6,124,14.044641
-15.9,79,14.082123
-27.7,37,14.098913
-16.0,30,14.114287
-31.4,44,14.133853
-5.1,31,14.150206
-21.2,62,14.178504
-18.0,30,14.193698
-3.6,26,14.206073
-18.8,118,14.262421
-23.7,37,14.27859
-21.1,31,14.29562
-23.2,22,14.304307
-22.1,41,14.322662
2.2,138,14.384988
-18.1,21,14.393249
-15.5,15,14.400987
-20.9,29,14.412536
-16.4,74,14.449732
-0.3,133,14.510126
-17.3,53,14.533575
-26.6,16,14.541587
-14.5,25,14.553951
-7.9,19,14.563939
-27.3,53,14.590046
-21.7,57,14.617807
-26.7,67,14.649198
-6.7,27,14.661362
-23.7,37,14.677159
-25.5,35,14.691951
-21.6,26,14.70673
-23.1,31,14.718576
-22.1,41,14.757355
-15.6,76,14.839884
-28.2,52,14.889506
-21.1,121,15.017361
-24.8,18,15.034421
-14.5,85,15.139845
-9.0,90,15.232837
-11.1,201,15.431199
-19.1,51,15.486033
-6.8,58,15.554562
-24.5,65,15.624264
-24.4,34,15.657279
-15.4,24,15.683231
0.6,24,15.708397
-30.9,49,15.770806
-24.5,25,15.795128
-25.9,59,15.858669
-13.1,31,15.888347
2.9,81,15.978416
-33.2,122,16.104374
-21.3,13,16.117869
-19.1,31,16.157797
-29.0,120,16.289474
4.1,119,16.413512
-7.4,74,16.489347
-26.4,74,16.656183
-17.9,19,16.682527
-19.7,57,16.739771
-17.5,15,16.747825
-10.7,47,16.768771
-27.4,44,16.790829
-24.5,65,16.823729
-4.3,43,16.843699
-19.2,42,16.864201
-28.6,36,16.882557
-19.7,37,16.899665
-11.4,64,16.932556
-19.7,17,16.939949
-27.3,73,16.975928
-4.9,49,16.998319
-24.1,41,17.017925
-17.0,80,17.053658
-11.5,35,17.070643
-27.4,24,17.082824
-25.6,46,17.104289
-27.4,84,17.143204
-16.3,63,17.172657
-0.6,16,17.180367
-15.3,13,17.186237
-6.3,73,17.220912
-6.6,36,17.237763
-22.2,32,17.252306
-19.1,31,17.265034
-24.3,23,17.276015
5.4,46,17.29888
-16.9,49,17.322093
-27.0,40,17.340509
-26.9,69,17.371095
-22.5,25,17.383598
-18.1,41,17.403122
-21.5,35,17.417277
-20.8,58,17.444527
-2.5,25,17.455005
-5.5,15,17.462981
-20.2,152,17.530543
-30.9,69,17.561377
-25.0,60,17.589947
-10.2,52,17.61335
-25.7,37,17.629664
-27.8,48,17.650002
-30.2,72,17.682909
-24.8,58,17.709028
-9.0,20,17.718331
-12.8,38,17.735491
-24.2,92,17.778318
-32.5,65,17.807399
-18.2,32,17.822704
-28.8,78,17.857157
-14.4,14,17.864777
-22.7,87,17.902781
-18.8,38,17.919973
-27.1,91,17.960695
-32.6,56,17.989561
-33.5,215,18.088294
-13.8,48,18.111562
-1.6,76,18.146986
-24.1,41,18.168983
-3.7,67,18.199954
-22.9,29,18.214908
-36.4,174,18.29562
-37.3,133,18.358336
-18.2,32,18.37379
-9.6,26,18.386654
-35.5,75,18.422864
-22.4,54,18.448284
-5.9,59,18.476743
-29.2,82,18.512356
-4.7,47,18.553388
-16.5,25,18.586797
-16.8,58,18.663381
-16.5,25,18.696766
4.2,228,18.978545
-13.3,93,19.071531
-23.6,66,19.140813
-3.2,72,19.206908
3.4,26,19.232173
-24.4,34,19.269699
-9.8,38,19.306348
-14.7,47,19.362856
-36.6,96,19.461112
-17.1,51,19.516999
-22.0,30,19.54307
-25.1,51,19.597356
-20.9,29,19.627789
-17.5,15,19.645999
-18.5,25,19.677304
-23.4,24,19.699237
-0.4,14,19.717957
-38.5,105,19.832068
-24.6,56,19.908552
-27.8,68,19.981172
-5.5,35,20.014313
-17.9,19,20.032837
-14.6,16,20.047863
-5.7,37,20.08584
-14.6,36,20.125816
1.9,51,20.179528
-32.1,61,20.244411
-24.7,47,20.293293
-21.9,19,20.309573
-14.4,34,20.352651
-12.2,12,20.363579
-6.4,44,20.415668
-17.9,19,20.435071
-24.1,21,20.457636
-29.5,35,20.492027
-17.4,24,20.515025
-19.0,20,20.543032
-21.3,33,20.58117
-2.8,28,20.609882
-26.2,32,20.644528
-13.7,37,20.678388
-23.8,28,20.70681
-26.5,25,20.732824
-18.6,176,20.930484
-21.3,33,20.970096
-30.7,67,21.039422
-34.8,178,21.238011
-9.1,21,21.262838
-15.6,26,21.293881
-24.8,158,21.458074
-31.9,59,21.522467
-14.3,93,21.620775
-25.6,46,21.674207
-14.6,16,21.692456
-21.2,22,21.716077
-19.1,11,21.728089
-28.0,90,21.827789
-21.0,20,21.853149
-24.5,25,21.884755
-13.4,64,21.956412
-11.5,35,21.998083
-34.6,136,22.150846
-38.4,194,22.365242
-22.9,29,22.398297
-23.9,59,22.46631
-24.7,87,22.572046
-16.8,78,22.655851
-7.2,52,22.71291
-27.2,22,22.742128
-14.3,43,22.787877
-15.6,46,22.845894
-24.1,61,22.914227
-28.1,61,22.980699
-27.2,22,23.008777
-20.4,14,23.026821
-9.6,26,23.065609
-12.8,98,23.181709
-22.5,25,23.216039
2.2,18,23.233896
-22.8,38,23.281307
-19.4,24,23.310355
-20.0,30,23.345634
-19.5,135,23.49713
-19.3,33,23.53327
-6.7,27,23.569981
-3.3,13,23.590262
-19.5,55,23.648656
-18.5,45,23.698719
-30.7,67,23.766779
5.5,35,23.811309
-31.6,46,23.859125
-26.2,32,23.898455
-25.9,59,23.961975
-17.8,28,23.994176
-20.4,34,24.029556
-18.6,16,24.047309
-21.1,51,24.112465
-23.5,35,24.155185
-23.0,20,24.17948
3.8,42,24.22672
-20.6,16,24.245844
-17.5,15,24.262793
-7.2,42,24.312171
-13.9,79,24.394679
-24.8,18,24.421178
-3.6,16,24.437547
-11.0,60,24.503632
-0.3,53,24.560012
-20.6,16,24.601217
13.4,106,24.783773
1.8,42,24.840993
-19.7,17,24.862141
-1.6,26,24.894805
-25.0,60,24.943276
-25.3,33,24.957904
-36.9,149,25.025778
-35.3,73,25.061679
-1.1,21,25.072185
-23.6,46,25.096549
-19.7,17,25.105613
-22.8,78,25.140585
-23.3,33,25.155969
-26.0,70,25.190099
-18.0,30,25.203943
-37.0,140,25.270541
-29.4,44,25.290604
-12.2,12,25.29629
-9.5,15,25.303711
-17.5,15,25.311157
-13.7,17,25.318687
-22.2,32,25.333548
-17.8,48,25.355692
25.9,81,25.393081
-22.9,49,25.416292
-12.6,16,25.423608
-14.8,38,25.442359
-27.1,31,25.458991
-17.4,44,25.4828
-14.8,18,25.492001
-30.0,50,25.5169
-23.5,15,25.524489
-17.6,26,25.538532
-23.2,22,25.549987
-18.5,65,25.580479
-20.6,36,25.599174
6.0,110,25.650022
-29.4,64,25.680178
-16.3,63,25.711666
-15.0,40,25.731473
-32.3,103,25.779746
-31.1,91,25.822743
-28.7,27,25.833819
-29.0,40,25.851873
-27.3,93,25.896564
-21.2,22,25.905135
-12.7,47,25.932103
-7.1,31,25.948689
-25.7,17,25.956966
-2.4,84,25.997112
-16.2,32,26.011395
-21.4,24,26.022948
-26.1,41,26.041718
-27.4,24,26.052015
2.8,92,26.092295
-24.9,29,26.105244
-33.2,42,26.124722
-32.5,65,26.153992
-27.6,46,26.17823
-17.9,19,26.186257
-21.6,26,26.199948
-8.6,96,26.247766
-12.6,36,26.264427
-9.0,110,26.314645
-9.9,19,26.32468
-15.9,59,26.352504
-12.4,34,26.368478
-23.8,28,26.381397
-18.6,76,26.415472
-17.4,64,26.443523
-5.3,23,26.453979
-20.4,14,26.461258
-17.6,26,26.473105
-18.6,36,26.490479
-15.1,31,26.503535
-14.6,116,26.555254
-23.6,66,26.588489
-18.8,58,26.61493
-15.6,26,26.625158
-18.7,47,26.647536
-23.2,172,26.743805
-9.4,24,26.7712
-21.4,84,26.858198
-32.1,101,26.954392
-30.9,49,27.00873
-7.0,40,27.047333
-30.3,63,27.144434
-27.4,44,27.237034
1.2,68,27.334095
-21.3,13,27.342254
-7.7,17,27.350293
-16.2,32,27.367873
-7.5,75,27.406148
-29.2,22,27.415523
-7.5,95,27.460913
-15.0,150,27.52866
-31.1,71,27.561436
-23.5,15,27.569616
-9.1,81,27.608607
-27.3,203,27.70607
-21.8,28,27.722874
-11.5,35,27.741884
-38.7,127,27.801018
-9.8,78,27.838553
-5.2,42,27.857784
-4.1,51,27.882135
-16.9,29,27.894649
-22.2,12,27.900499
-5.1,51,27.926404
-5.6,56,27.953807
4.7,83,27.994946
-35.8,88,28.033879
-6.1,51,28.060975
-8.5,25,28.072018
-19.3,13,28.078583
-26.6,76,28.115885
-34.9,189,28.219108
-28.9,109,28.26921
-19.6,106,28.480304
-21.5,15,28.487794
-24.3,23,28.49861
-20.1,101,28.542519
-3.9,19,28.552047
-12.1,41,28.570309
-8.6,56,28.597819
-4.6,36,28.615302
-17.5,55,28.640908
-16.3,23,28.650444
-22.4,54,28.677881
-19.8,48,28.700301
-25.2,122,28.757501
-20.0,50,28.781217
-22.1,61,28.811131
-15.0,20,28.819751
-28.9,29,28.834765
-28.7,27,28.848639
-23.8,48,28.87029
-7.7,17,28.87856
-31.2,22,28.888731
-33.1,151,28.957811
-26.3,43,28.977632
-19.6,26,28.990295
-27.1,31,29.004797
-6.1,21,29.014566
-29.1,111,29.068815
-6.0,20,29.077866
-21.4,24,29.0882
-24.5,25,29.098598
4.8,92,29.165425
-24.1,41,29.203515
-23.7,17,29.219115
-6.1,111,29.34081
-8.6,56,29.409099
-1.1,61,29.499554
-28.4,34,29.551519
9.7,113,29.710902
-24.7,47,29.780004
-9.9,29,29.81589
-7.4,54,29.897945
-17.1,51,29.966077
-5.0,60,30.051653
-21.4,44,30.115696
-25.8,28,30.156821
-30.3,23,30.189239
-11.8,58,30.276166
-20.8,58,30.357203
-25.9,39,30.413103
-11.2,82,30.526597
-32.8,118,30.712126
-26.2,52,30.790934
-9.3,13,30.806768
8.1,149,31.025525
-15.9,19,31.051676
-18.5,105,31.210302
-2.0,30,31.261845
-3.3,33,31.309696
-16.1,21,31.33934
-10.1,21,31.374856
-13.9,19,31.396987
-17.3,53,31.481479
1.8,42,31.600492
-15.5,15,31.627828
-17.9,59,31.718553
-38.3,223,31.97613
-32.0,50,32.055616
-25.1,31,32.104945
-33.7,37,32.156907
-12.4,74,32.263103
-6.6,16,32.285568
-18.3,23,32.317922
-21.2,102,32.460858
-25.4,24,32.489928
-37.7,97,32.624615
-15.0,60,32.712686
-12.5,25,32.749166
-18.8,18,32.777455
-22.2,92,32.902535
-23.3,53,32.980865
-18.0,30,33.0191
-21.7,17,33.04822
-9.7,17,33.072421
-23.6,26,33.107484
-4.7,107,33.266095
-18.1,41,33.327394
-7.1,31,33.378616
-26.5,65,33.459786
-47.7,197,33.773461
-28.4,34,33.797396
-3.9,129,33.872405
-29.9,59,33.911021
-27.9,59,33.940243
-21.6,46,33.961141
-9.6,26,33.976848
-21.9,19,33.98613
-23.4,84,34.031392
-31.4,64,34.073322
-31.0,120,34.143826
-18.2,52,34.169033
-16.3,43,34.188908
-28.6,56,34.220902
-21.1,31,34.239567
-29.0,40,34.258598
-18.4,34,34.27629
-28.9,69,34.307184
-11.8,28,34.322911
-28.2,92,34.362986
-20.7,27,34.375056
-35.1,91,34.414696
-19.7,17,34.424482
-24.5,45,34.44396
-14.9,69,34.477625
-14.7,47,34.501152
-29.7,117,34.574375
-21.0,20,34.584238
-26.9,49,34.611565
-12.3,83,34.66646
-27.8,28,34.680024
-3.0,40,34.698303
-9.0,20,34.708113
-28.4,34,34.725818
-22.3,23,34.735526
-17.2,22,34.746617
-12.6,36,34.762951
-10.4,34,34.778781
-22.5,45,34.801477
-7.4,64,34.832044
14.3,27,34.844785
-4.4,54,34.871483
-32.2,92,34.91277
-23.5,15,34.924206
-15.4,24,34.939286
-23.0,20,34.949167
-24.5,125,35.025903
-23.0,60,35.057477
-17.0,120,35.12007
-39.7,117,35.17486
-13.5,55,35.201723
-30.5,45,35.221346
-25.6,46,35.243513
-11.3,33,35.259422
-4.9,39,35.283765
-19.3,73,35.31829
-11.1,31,35.331998
-29.3,33,35.346612
-21.5,35,35.362994
-25.5,15,35.368226
-20.3,63,35.397381
-10.4,34,35.415469
-24.7,87,35.45755
-24.2,302,35.708068
-24.2,32,35.743649
-11.1,11,35.755553
-21.5,35,35.790383
-24.8,18,35.808361
6.5,45,35.855784
-24.6,16,35.873005
12.1,19,35.896193
-2.4,64,35.958625
-6.9,29,35.994599
-26.1,61,36.081515
-23.2,82,36.197321
-29.4,124,36.372305
-25.2,82,36.489866
-27.2,102,36.636888
-26.5,85,36.755735
-7.3,33,36.799917
-20.5,25,36.837622
-26.3,23,36.863019
4.4,56,36.938715
-9.3,13,36.961193
-20.6,266,37.348664
-25.8,108,37.508509
-12.6,56,37.592476
-12.7,67,37.6861
-21.7,37,37.735402
-20.6,36,37.790904
-8.5,25,37.822351
-7.8,108,37.988333
-17.1,51,38.068819
-5.2,132,38.282689
-6.6,16,38.310476
-12.2,12,38.328607
-4.3,23,38.366173
-17.4,174,38.637917
6.5,45,38.715548
-26.1,41,38.778396
3.5,75,38.905372
-10.2,32,38.955106
-33.3,73,39.072381
-13.9,19,39.099087
-11.3,163,39.336736
-1.8,78,39.457906
-26.2,52,39.543205
-6.1,41,39.608938
-23.2,42,39.679325
-14.6,56,39.77315
-18.3,43,39.841949
-20.7,47,39.922059
-25.0,40,39.983189
-12.8,38,40.043169
-9.9,59,40.13576
-29.1,51,40.21536
-12.5,85,40.354646
-0.7,27,40.389867
-38.8,138,40.582447
-16.2,82,40.735277
-28.6,36,40.783387
-13.9,119,40.930607
-34.9,69,41.033281
0.9,121,41.153446
-15.9,39,41.173495
-21.2,22,41.184255
1.3,97,41.226121
-18.7,127,41.294085
-19.4,24,41.306974
-6.0,60,41.335626
-22.4,34,41.351264
-8.7,117,41.445444
5.7,73,41.496506
-9.1,61,41.535883
-11.0,20,41.547538
-6.8,88,41.603742
-25.9,59,41.638002
1.5,55,41.66707
-29.5,35,41.688615
-23.9,59,41.721515
-9.7,57,41.75275
-18.6,16,41.761086
-20.6,136,41.838067
-8.3,43,41.862289
-12.9,29,41.877202
-20.8,18,41.88659
-19.3,13,41.893074
-33.3,73,41.929464
-20.3,23,41.941934
-12.9,219,42.051033
-22.4,34,42.069074
-17.9,19,42.079236
-25.7,17,42.086957
-16.7,67,42.11799
-26.8,38,42.137445
-7.8,28,42.150761
-8.0,30,42.165044
-24.8,38,42.188719
-16.4,44,42.21374
-13.3,73,42.25062
-13.2,82,42.290887
-19.7,77,42.327948
-7.3,53,42.353985
-30.8,78,42.387396
-0.1,131,42.45876
-21.7,107,42.510533
-25.1,31,42.526159
-23.2,82,42.569299
-14.9,89,42.613228
2.7,153,42.687227
-6.4,14,42.695664
-39.2,102,42.767514
-21.8,108,42.822631
-34.7,67,42.856721
-25.2,82,42.906621
-9.6,26,42.919087
-15.6,66,42.954911
-37.8,108,43.005481
-15.8,108,43.059254
-19.3,33,43.076349
-6.1,21,43.087733
-4.0,10,43.09391
-3.9,29,43.108573
-1.8,28,43.120428
-15.1,71,43.157874
-16.0,30,43.173231
8.1,49,43.205919
-21.7,57,43.233263
-18.4,14,43.240394
-8.9,49,43.262841
-16.7,87,43.322109
-19.0,80,43.392711
-19.9,39,43.431541
-32.6,136,43.576356
-8.4,14,43.587546
-22.0,70,43.683404
-39.3,253,43.968148
-19.5,15,43.9823
16.2,88,44.072718
-19.4,24,44.096173
-3.9,49,44.145476
5.9,51,44.194949
-21.0,40,44.235033
-9.6,26,44.258242
-2.7,57,44.33317
-6.4,24,44.364172
-21.8,28,44.400484
-18.6,16,44.421381
-0.7,97,44.545085
-37.2,142,44.639925
-11.2,42,44.663405
-31.2,42,44.68367
2.2,38,44.704396
-24.0,30,44.720076
-17.9,19,44.73062
7.1,39,44.750824
-18.7,47,44.772783
-18.8,18,44.781231
-14.5,35,44.79969
-23.2,42,44.820325
-24.6,16,44.828679
-14.9,49,44.858155
-7.2,22,44.869537
1.8,62,44.912052
-22.7,67,44.961084
-4.4,54,44.988371
-9.9,19,44.998233
-32.4,94,45.041996
-24.8,118,45.096432
-19.7,77,45.133508
-15.3,13,45.139445
-16.8,38,45.161438
-9.0,20,45.173242
-13.1,111,45.223745
-9.1,11,45.230911
-0.8,38,45.25036
-23.9,99,45.30002
-27.5,135,45.369944
-23.9,19,45.37937
-26.2,52,45.405653
8.2,18,45.413315
7.3,17,45.422576
-13.8,68,45.453837
-21.0,40,45.470467
-21.2,22,45.479154
-21.8,48,45.50154
-28.6,76,45.539832
-9.2,42,45.562401
-17.5,35,45.578181
-5.4,24,45.589256
-11.7,187,45.675765
-21.1,51,45.6987
-32.9,89,45.740514
-22.6,56,45.770383
-4.9,49,45.794533
-23.5,35,45.812606
-7.4,24,45.824621
-19.1,91,45.870938
-18.6,36,45.889798
-35.9,79,45.925287
-18.9,29,45.939359
-17.0,20,45.948165
-16.0,70,45.98421
-14.6,16,45.991604
-8.9,29,46.009942
-3.9,99,46.313
-12.0,30,46.351815
-20.5,25,46.376151
-16.9,29,46.408547
-29.3,53,46.464978
-11.4,44,46.51765
-18.0,100,46.620759
-6.2,32,46.652185
-31.9,79,46.728976
-11.3,13,46.744726
-3.9,19,46.764462
-19.8,28,46.794295
-14.2,32,46.826462
-11.7,107,46.938264
-27.6,86,47.037631
-10.4,144,47.192869
-28.4,54,47.248397
-21.0,80,47.364596
-25.0,80,47.484514
-2.9,49,47.559075
-4.9,19,47.587886
-10.7,27,47.633779
-36.4,74,47.73489
-8.5,25,47.775299
-10.8,58,47.857049
-30.6,96,48.003131
-22.0,30,48.05026
-7.6,56,48.129072
-22.8,18,48.151192
-17.8,78,48.2663
-13.2,42,48.325898
-1.0,20,48.358547
-26.2,32,48.405717
-28.2,52,48.488439
-4.9,29,48.527246
-22.7,67,48.630013
0.8,152,48.851871
-4.4,14,48.876342
-8.1,41,48.936918
-22.1,61,49.03264
-22.8,38,49.095405
-8.3,23,49.126565
-5.1,61,49.227623
-9.2,82,49.35948
-11.4,24,49.399761
-7.7,57,49.49157
-5.7,87,49.633386
-26.3,23,49.668167
-16.5,85,49.796249
-30.4,94,49.952519
-20.5,25,49.993379
-15.1,81,50.115745
-18.9,49,50.194378
-27.5,135,50.413549
-2.8,18,50.44651
-22.8,38,50.504246
-26.2,112,50.679566
-11.4,64,50.790772
-2.9,69,50.903585
-18.2,12,50.923733
-26.2,52,51.001903
3.5,115,51.188978
-25.1,51,51.275697
-9.9,19,51.309238
-21.7,97,51.462577
-16.6,36,51.520444
-29.1,91,51.673983
-26.5,45,51.749058
-0.0,60,51.855802
5.7,33,51.910559
-18.4,14,51.936072
-24.8,78,52.061795
-28.1,21,52.09434
-9.8,28,52.142314
-24.4,74,52.268301
-9.2,122,52.467038
-29.5,55,52.560408
-14.5,25,52.598873
-24.1,41,52.669557
-29.8,108,52.844915
-28.1,61,52.947621
-8.7,87,53.100382
8.7,43,53.168399
-15.2,42,53.241769
-30.6,36,53.301835
-16.9,69,53.41433
-7.9,39,53.482106
-3.3,13,53.502417
2.0,40,53.570148
-11.0,40,53.632118
-12.5,25,53.675363
-27.0,60,53.774015
-16.6,76,53.898293
0.8,72,54.012748
-18.3,23,54.053069
-6.0,30,54.103817
-0.6,16,54.128275
-3.9,19,54.15457
2.4,26,54.196535
-22.4,14,54.216927
-18.7,27,54.261284
-20.9,69,54.377551
-23.7,37,54.440863
-21.3,33,54.4955
-6.6,16,54.520267
-5.6,26,54.558592
-18.1,21,54.598941
-16.7,47,54.661867
-0.7,277,55.083976
-16.8,18,55.106336
-8.6,16,55.129743
-16.9,29,55.171294
-4.6,36,55.229229
-10.0,90,55.36994
-22.3,63,55.468543
-12.2,52,55.555689
-21.5,15,55.57412
-19.0,80,55.701688
-15.6,26,55.742978
-21.3,53,55.826842
13.7,113,55.999999
-2.0,60,56.08474
-10.5,25,56.128558
-1.8,58,56.215874
-28.1,61,56.307898
-20.8,18,56.339995
-12.8,18,56.361596
-4.1,21,56.400699
-27.6,26,56.438392
-6.5,65,56.54836
-33.6,106,56.731272
-21.6,26,56.76899
-31.0,20,56.804839
-28.4,74,56.924121
-12.4,14,56.942307
-28.8,18,56.975781
-20.3,43,57.042698
-26.8,18,57.070415
-14.8,58,57.162768
-35.9,99,57.325514
-16.1,21,57.359629
-18.2,52,57.452535
-19.9,19,57.478792
-16.4,14,57.501816
-33.2,122,57.649267
-19.7,17,57.669995
-14.6,36,57.710186
-15.9,19,57.727124
-0.5,75,57.804348
-19.2,22,57.8312
3.2,28,57.862547
-25.0,20,57.882581
5.1,39,57.924929
-5.0,20,57.947035
-4.6,66,58.016214
-18.3,63,58.080472
-15.0,40,58.123117
-31.5,75,58.204313
-6.1,71,58.273411
-4.4,14,58.298652
-10.6,86,58.397728
-16.0,30,58.432647
2.3,107,58.556296
-5.6,46,58.609565
-17.9,19,58.634706
-8.4,74,58.714437
-21.4,24,58.737252
-13.7,97,58.833116
-17.2,82,58.919893
-24.1,41,58.960838
-12.2,52,59.01365
-27.7,57,59.08081
-19.0,40,59.14098
9.0,30,59.185233
-18.3,23,59.219161
-0.3,23,59.248295
-7.2,42,59.296937
14.8,42,59.339889
-14.1,21,59.364524
-19.2,142,59.518956
-23.2,122,59.672587
-12.7,87,59.790014
-14.4,74,59.901267
-31.3,113,60.040099
-25.6,66,60.115416
-29.5,55,60.186473
-2.8,18,60.208203
-13.9,49,60.272941
-7.0,20,60.304269
-21.8,48,60.375928
-20.7,87,60.498278
-32.7,107,60.665881
-17.1,131,60.853755
-25.3,33,60.905505
-24.7,67,60.997914
-23.6,26,61.034526
-17.1,51,61.103583
-20.5,25,61.138529
-5.1,11,61.155089
-15.0,40,61.214807
-16.9,79,61.320735
-29.3,93,61.458059
-31.0,80,61.57243
7.3,17,61.595384
-5.7,27,61.637786
-10.9,29,61.679199
-25.4,44,61.74827
-18.3,23,61.782722
-0.6,16,61.80647
-6.4,14,61.82461
-15.0,40,61.883202
-17.0,20,61.914006
-11.3,13,61.934899
-29.2,82,62.060721
-21.3,33,62.103398
-22.5,25,62.135352
-26.2,32,62.178058
8.5,25,62.211155
-29.7,57,62.280027
-20.2,12,62.293024
-21.2,22,62.320699
-27.4,64,62.400352
-9.8,48,62.461198
-20.7,27,62.492641
1.5,115,62.628006
-9.5,15,62.643775
-34.3,83,62.735653
-20.4,34,62.782659
-24.4,34,62.82955
-14.3,23,62.864811
-28.4,34,62.914316
-15.6,36,62.965921
-10.8,38,63.020426
-9.1,71,63.123871
-16.1,81,63.238966
0.1,59,63.326495
-5.2,22,63.36114
-15.0,60,63.439372
-21.2,82,63.560339
-29.0,40,63.616747
-25.2,82,63.728789
-7.5,35,63.786683
-32.4,94,63.904698
-25.9,119,64.025262
-7.9,149,64.198772
-1.9,19,64.224273
-25.1,51,64.304351
-29.9,59,64.397407
-8.5,85,64.530487
-22.1,21,64.562256
-13.7,17,64.594653
6.3,27,64.634215
-15.5,35,64.69189
-31.4,84,64.820304
-14.7,67,64.931832
-17.8,28,64.977116
-23.3,33,65.025655
-15.2,22,65.063537
-19.5,15,65.083685
0.6,94,65.237929
-20.5,25,65.280299
-2.3,23,65.321605
-22.9,69,65.433966
-7.3,53,65.520794
2.0,60,65.618305
-21.8,48,65.692259
-17.9,19,65.72479
-20.6,36,65.783999
-10.8,38,65.853316
-17.8,28,65.8993
-25.9,39,65.961318
-28.2,72,66.07922
-13.1,161,66.354822
-24.4,54,66.441847
-22.3,23,66.483526
-23.8,28,66.530594
-26.9,49,66.613603
-24.2,112,66.795832
-11.6,66,66.906139
-20.2,52,66.996716
-25.0,20,67.029706
-25.1,71,67.142316
-21.7,37,67.209004
-30.6,36,67.271718
-11.9,39,67.336867
-30.7,87,67.48034
-15.7,17,67.506222
-25.8,28,67.551491
-35.5,115,67.746413
-9.8,68,67.861631
-24.1,41,67.931397
-16.8,38,68.000067
-9.4,54,68.08807
-32.2,32,68.140225
-27.9,39,68.210901
-18.3,23,68.251039
-17.2,22,68.284286
-30.5,45,68.3668
-2.0,20,68.400783
-21.2,22,68.433945
-19.6,66,68.546271
-20.0,10,68.560261
-8.9,69,68.678964
-22.9,69,68.799052
-8.3,63,68.894948
-45.6,166,69.175288
-18.3,43,69.251467
-27.0,60,69.349474
-26.1,21,69.38168
-14.1,41,69.44961
-22.6,16,69.475981
-30.8,138,69.711345
-26.6,36,69.771797
-30.6,36,69.828472
-7.4,44,69.909143
-2.8,18,69.936267
-13.7,37,69.996653
-18.8,18,70.029321
-27.0,60,70.132366
-10.2,202,70.480484
-28.7,47,70.548808
-17.5,35,70.593017
0.0,20,70.616068
-6.1,21,70.638313
-25.8,48,70.707125
-6.3,83,70.819353
-7.7,17,70.840943
-8.4,34,70.88964
-4.2,12,70.907019
-8.1,21,70.933013
-14.6,36,70.978337
-1.3,83,71.067499
-20.4,34,71.101319
-24.9,129,71.299819
-24.3,43,71.360924
-15.3,33,71.412497
-5.6,46,71.491062
-21.1,91,71.550352
-10.2,32,71.566295
-16.8,38,71.583004
-23.7,37,71.599493
-0.8,88,71.645559
-25.0,80,71.685479
-18.7,27,71.700243
1.0,20,71.710118
-8.0,30,71.727036
-17.5,15,71.732854
-19.3,33,71.749602
1.4,46,71.781119
-24.8,58,71.816151
-19.0,100,71.865727
-16.3,43,71.885729
-3.4,54,71.915303
-10.8,88,71.959556
-9.7,37,71.976255
-21.7,17,71.984625
-5.4,44,72.007892
-18.6,16,72.018174
-10.8,38,72.038346
-22.1,41,72.059118
-25.8,48,72.083915
11.0,170,72.166825
-22.9,29,72.181902
-24.2,32,72.198747
-3.9,69,72.233573
-12.6,16,72.243503
-16.7,27,72.256166
-19.2,22,72.266456
-7.4,24,72.278385
-23.8,68,72.311944
-20.2,12,72.317731
-8.4,44,72.338214
-10.0,60,72.369581
-21.0,20,72.380186
-8.8,18,72.390058
-24.5,65,72.421973
-17.2,62,72.453719
-30.0,90,72.498093
-22.4,34,72.515198
-14.2,72,72.549433
-28.3,63,72.580409
-17.7,17,72.591487
-21.7,167,72.671632
-5.0,60,72.702173
-7.0,20,72.712238
-16.0,130,72.77655
-0.8,128,72.843999
-10.1,21,72.853679
-22.9,49,72.888111
-29.8,68,72.919651
-1.8,78,73.116524
-17.4,24,73.128773
-17.0,110,73.18468
-28.1,61,73.213481
-19.1,71,73.247334
-26.1,41,73.26937
-10.3,83,73.309089
-15.9,39,73.329761
-3.6,116,73.385027
-5.7,87,73.428231
-3.0,20,73.440193
-10.1,21,73.452238
-25.9,59,73.488889
-2.0,180,73.57095
-9.9,39,73.590721
-26.6,56,73.622804
-12.9,29,73.63734
-22.3,83,73.677344
-5.0,30,73.691892
-12.0,30,73.71133
-21.6,106,73.759411
-11.8,48,73.784615
-36.1,121,73.842076
-20.4,14,73.850374
-5.1,31,73.866008
-22.7,27,73.878379
-28.9,29,73.894685
-6.2,42,73.915152
-1.6,26,73.929255
-41.3,173,74.018537
-27.9,19,74.028408
-18.5,65,74.059216
-32.3,63,74.087021
-22.0,30,74.100169
-16.2,32,74.114346
-14.9,29,74.127573
-21.4,24,74.138258
-24.8,98,74.181101
-24.2,32,74.196673
-4.1,21,74.205913
7.8,22,74.217733
-12.9,29,74.232126
-21.7,167,74.317125
-22.6,46,74.369126
-22.3,63,74.44957
-18.8,38,74.500589
-26.7,27,74.540032
-28.7,87,74.662318
-16.7,47,74.724319
-24.9,49,74.774525
-30.6,56,74.83147
-23.3,33,74.875957
-17.6,46,74.939283
-4.8,18,74.961941
-30.8,58,75.040175
-18.2,12,75.056242
-13.2,92,75.17495
-23.5,15,75.187941
-2.1,41,75.235213
-33.0,40,75.279583
6.5,25,75.309015
-8.3,23,75.332046
0.2,98,75.429049
-14.3,63,75.494803
-21.5,55,75.549918
-6.0,30,75.57792
-30.3,43,75.622765
-34.1,61,75.681895
-27.4,64,75.749411
-19.5,15,75.767732
0.4,116,75.902233
-5.4,24,75.92952
-3.0,30,75.961841
24.7,63,76.040991
-9.1,51,76.105633
-24.4,34,76.139802
-10.2,112,76.277907
-20.1,21,76.302194
-26.3,63,76.368773
-30.1,101,76.509727
-23.5,75,76.605465
-18.6,16,76.623392
-17.5,115,76.75414
-2.5,25,76.78235
8.1,29,76.815081
-2.6,36,76.855156
-20.0,10,76.866426
0.9,41,76.912239
-30.6,96,77.02448
-5.5,75,77.109909
-20.1,41,77.155508
6.3,27,77.185666
-27.1,31,77.223906
-22.8,18,77.250677
-25.8,28,77.282832
33.3,67,77.397026
-18.9,29,77.429494
-8.6,16,77.449999
0.7,43,77.510961
-11.0,40,77.56097
-9.5,145,77.732725
-21.0,40,77.777095
-12.5,25,77.808662
-18.6,16,77.828248
-18.7,67,77.89646
-25.9,39,77.941357
-0.9,29,77.972801
-8.3,23,78.000919
-16.8,98,78.108444
-12.7,47,78.169068
-35.1,131,78.372604
-28.9,49,78.427715
-26.0,70,78.498131
-18.7,47,78.541934
-5.7,37,78.578656
-1.7,37,78.617526
-22.1,21,78.637434
-21.7,37,78.679434
-13.4,74,78.757969
-28.5,85,78.864646
-22.8,18,78.887171
-20.3,63,78.96175
-24.3,23,78.985887
-15.3,33,79.027359
-21.5,55,79.087321
-11.2,22,79.112883
-18.4,14,79.12675
-10.3,93,79.242714
5.7,123,79.388068
-4.1,91,79.503315
-27.4,84,79.602093
-26.4,94,79.716526
-13.3,63,79.791354
-16.5,25,79.822232
-27.6,66,79.895852
-14.8,98,80.02042
-25.6,86,80.116702
-21.9,59,80.212193
-29.2,22,80.236641
-28.6,96,80.340108
-21.5,35,80.398272
-25.4,44,80.468829
-20.8,38,80.517456
3.6,24,80.541328
-21.5,55,80.595158
-16.5,25,80.623012
-15.8,108,80.740855
-26.5,125,80.876611
5.7,53,80.93415
-19.5,55,81.010656
-21.5,15,81.02567
-20.4,34,81.067568
-22.0,210,81.349531
-5.9,39,81.400101
-25.9,39,81.442418
-6.6,16,81.461893
-28.9,169,81.689578
-13.2,102,81.812039
17.7,83,81.922222
-11.6,26,81.951562
-15.7,37,82.001355
-26.0,70,82.094807
-17.8,28,82.131676
-2.1,21,82.16676
2.5,125,82.336053
-27.5,75,82.434633
16.1,29,82.472271
-32.0,130,82.626455
0.3,237,82.91517
-10.8,38,82.959222
-5.6,116,83.091034
-22.0,30,83.126034
-21.8,48,83.173877
10.5,25,83.198156
-28.2,152,83.394456
-28.3,23,83.46977
-22.1,41,83.542938
-31.0,20,83.5802
-27.1,71,83.691848
-11.7,17,83.713754
-17.0,20,83.736148
-31.8,48,83.791854
-26.0,70,83.876772
-23.8,28,83.912734
-15.5,35,83.95646
-10.5,25,83.983873
-30.1,141,84.15487
-21.3,13,84.171248
-25.4,24,84.201997
-10.6,126,84.329433
-20.4,54,84.382082
0.3,37,84.425913
-19.0,60,84.492625
-29.3,73,84.568999
-16.4,54,84.633378
-20.1,21,84.668163
-29.5,75,84.747636
-11.2,22,84.770897
-12.2,162,84.960117
-18.5,45,85.018021
-12.7,47,85.076965
-1.0,70,85.157222
-22.1,41,85.199496
-16.5,25,85.229585
-25.0,40,85.279982
-39.2,202,85.533476
-15.5,15,85.553742
-28.3,23,85.577089
-14.5,95,85.754585
-12.1,21,85.79068
-22.4,34,85.845687
-23.5,15,85.868631
-19.0,60,85.925208
-28.1,101,85.970636
-23.0,40,85.991301
-9.4,24,86.004957
-18.4,14,86.010108
-16.0,30,86.02387
-14.9,49,86.046636
14.9,131,86.10829
-24.3,83,86.146473
-21.6,26,86.158307
-22.1,21,86.167253
-23.8,28,86.1834
-33.2,142,86.248944
-22.7,47,86.270848
7.6,44,86.29037
-15.7,37,86.307532
-23.2,42,86.326589
-15.4,24,86.337963
-18.7,47,86.359585
-21.5,55,86.387193
-17.4,64,86.417175
-29.6,126,86.478146
-22.0,30,86.494978
15.7,63,86.528833
-23.9,19,86.536848
-8.8,38,86.55895
-11.0,60,86.587222
-16.7,107,86.639179
-4.7,27,86.650221
-26.2,92,86.694167
-31.4,24,86.705864
-24.0,150,86.783781
-25.3,203,86.88116
-19.2,22,86.891029
-15.9,39,86.911417
-23.6,46,86.93453
-25.9,19,86.943909
-34.8,138,87.008104
-19.8,178,87.090556
-22.2,52,87.116239
-19.9,39,87.137574
26.8,102,87.184084
-24.2,52,87.210002
-3.8,28,87.225037
-14.5,25,87.238957
0.4,56,87.26405
-10.1,111,87.315069
-21.4,24,87.326884
-22.2,52,87.351628
-2.4,54,87.377441
-6.1,21,87.386612
-23.9,19,87.398148
-13.4,84,87.440389
-8.3,73,87.475214
-4.7,47,87.498609
-19.1,31,87.514381
-19.8,88,87.556105
-14.2,52,87.580458
-21.6,26,87.591942
-22.8,18,87.601452
-13.9,59,87.627985
-43.2,182,87.731391
-8.1,111,87.869834
-26.7,67,87.937502
-18.4,14,87.961104
-10.7,27,87.996404
-27.2,22,88.024527
-15.1,91,88.144214
-24.0,30,88.180202
-18.1,131,88.319297
-35.6,146,88.479525
-28.5,25,88.504784
-26.3,63,88.573401
-12.7,27,88.602044
-0.4,34,88.637681
4.8,32,88.675123
-21.3,53,88.736653
1.2,18,88.758979
-1.2,22,88.780052
-32.0,50,88.838195
-31.8,148,89.019606
-26.1,21,89.048745
-18.5,25,89.088503
-22.7,27,89.13003
-18.4,34,89.180614
-27.1,31,89.216975
-20.3,23,89.241547
-22.5,85,89.369635
-3.7,27,89.408257
-22.6,16,89.430336
-26.8,38,89.483948
-0.8,48,89.550878
-28.2,72,89.660487
-6.3,23,89.704024
-28.7,27,89.745767
-12.4,224,90.092675
-11.2,42,90.159095
-14.1,21,90.19428
-25.6,26,90.23158
-10.4,64,90.328042
-5.6,46,90.404181
-23.7,57,90.491629
3.3,57,90.580214
-20.7,27,90.625283
-7.9,39,90.68291
-7.0,40,90.740525
-30.3,83,90.860921
-14.3,63,90.960149
-16.0,30,91.006594
1.0,10,91.019878
-20.0,30,91.064763
-30.9,69,91.178234
-15.5,35,91.23493
-13.0,20,91.264851
-22.1,21,91.297656
-19.6,26,91.340025
11.6,44,91.410769
-1.6,16,91.43627
-21.4,24,91.477968
-23.5,75,91.597049
-9.1,51,91.685124
-25.8,28,91.730955
-26.0,90,91.870306
-25.3,73,91.998973
-27.9,39,92.05951
-16.0,30,92.11245
-33.3,53,92.192015
-5.0,40,92.258661
-25.2,42,92.324479
-25.9,79,92.451249
-24.4,14,92.475749
-16.8,98,92.629765
-22.8,18,92.664184
1.6,34,92.715866
-31.7,57,92.812691
-9.7,17,92.838444
-16.9,29,92.8888
-19.5,35,92.946313
-15.6,46,93.024053
-7.7,37,93.086278
-20.1,21,93.120656
-21.8,28,93.159783
-12.1,21,93.187877
-16.3,23,93.222127
-20.5,65,93.320623
-23.3,13,93.338785
-3.7,97,93.492243
-12.3,93,93.652025
0.2,28,93.702642
-17.2,22,93.738909
-16.5,125,93.917788
-18.4,74,95.007561
-21.8,28,95.051749
0.9,41,95.115227
-8.9,119,95.278997
-21.3,193,95.503084
-8.2,92,95.603814
-0.9,99,95.711625
-8.8,58,95.781928
-2.2,12,95.803462
-33.4,144,96.006026
-17.9,59,96.067614
-9.4,24,96.093462
-9.7,57,96.164749
-33.7,37,96.20333
19.1,49,96.256142
-30.0,70,96.332359
-12.5,85,96.435179
-20.3,113,96.575572
-37.6,106,96.714209
-25.7,117,96.860511
-8.9,119,97.009636
-18.9,29,97.041118
0.8,22,97.067651
-5.7,57,97.140386
-24.0,150,97.30484
-4.5,45,97.349881
-21.7,37,97.389162
-22.3,63,97.467135
-27.0,20,97.493478
-30.1,61,97.576439
-23.4,24,97.614234
-25.2,162,97.861536
-7.2,112,98.022172
-18.2,32,98.066601
-7.3,23,98.105918
-19.1,131,98.257742
-14.7,27,98.279319
-18.5,25,98.313427
5.1,59,98.400491
-1.6,46,98.468639
-12.3,83,98.579406
-11.5,15,98.594705
-31.1,71,98.667542
-19.6,66,98.764003
-15.6,46,98.828492
-12.9,29,98.87212
-4.5,95,99.002449
-27.0,20,99.02758
-18.2,72,99.119004
-20.8,38,99.179672
-25.5,55,99.260917
-24.8,138,99.480516
-3.9,209,99.808196
-5.8,58,99.903474
-8.9,69,100.018518
-25.2,22,100.050337
-31.2,122,100.252374
-33.1,71,100.365083
-23.3,13,100.387001
4.6,14,100.404763
-27.1,71,100.510119
-30.6,56,100.577468
-32.8,138,100.747743
-19.9,79,100.839388
1.0,130,100.987782
-19.0,60,101.05106
-17.1,11,101.066577
-18.8,18,101.084451
-16.3,43,101.136895
-18.4,14,101.150412
-24.3,43,101.192384
-17.3,73,101.269204
-19.0,20,101.292389
-26.3,43,101.338721
-9.4,24,101.365863
-1.8,48,101.435398
-29.2,62,101.528315
-9.0,20,101.555112
-32.5,45,101.62321
-22.4,114,101.789778
-12.1,41,101.847641
-23.5,35,101.885461
7.9,51,101.943667
-26.0,70,102.030611
1.9,51,102.09959
12.8,32,102.132051
-27.6,86,102.226881
-16.7,137,102.397187
-27.0,20,102.426691
-0.3,93,102.525979
-29.0,40,102.567558
-25.8,28,102.599797
-14.9,129,102.751441
-23.3,53,102.809278
-0.3,43,102.860729
-12.1,71,102.93549
-22.9,29,102.968241
-11.3,33,103.002212
-16.7,67,103.073271
-18.0,30,103.102938
7.9,31,103.139385
-26.5,65,103.212094
-16.9,29,103.24258
-28.0,50,103.297426
-5.3,93,103.420803
-9.9,39,103.476961
-14.2,32,103.544195
0.1,59,103.646972
4.0,20,103.680604
-18.1,81,103.730043
-5.7,17,103.739096
-16.2,172,103.82328
-15.6,26,103.837632
-28.1,101,103.893634
-10.7,117,103.973556
-24.4,34,103.993565
-24.1,21,104.003533
-26.3,43,104.024104
-25.8,28,104.036399
-33.8,68,104.067277
-23.2,102,104.11482
-6.0,20,104.124451
-29.3,73,104.157585
-25.9,79,104.194489
-2.4,34,104.214588
-21.4,44,104.242146
-24.0,70,104.287081
-29.9,39,104.305933
22.5,135,104.369637
-19.6,46,104.394976
-9.4,24,104.409048
-1.4,24,104.421842
-23.6,46,104.45137
-29.9,99,104.499988
-17.6,26,104.513271
-25.9,39,104.530322
-6.3,43,104.551586
-18.6,16,104.558205
-11.2,62,104.586505
5.4,26,104.596753
-20.6,36,104.612216
-8.7,67,104.6444
-26.2,32,104.660071
-20.6,16,104.668066
3.1,79,104.706875
-6.4,34,104.721421
-36.8,198,104.817604
-29.0,100,104.8654
-12.3,43,104.885863
-15.3,13,104.891551
-14.0,30,104.904893
-12.3,63,104.933619
-12.9,69,104.966328
-25.1,31,104.981672
-25.0,20,104.9908
-23.8,48,105.014794
-19.7,17,105.023288
-1.5,35,105.040628
-10.3,13,105.045898
-17.1,51,105.075173
-3.6,66,105.109532
-8.8,18,105.117008
-31.7,157,105.187986
6.8,72,105.220421
-26.1,41,105.241148
-8.6,36,105.259099
-19.2,42,105.277031
-19.7,17,105.284464
-6.5,45,105.31503
32.9,171,105.402696
-29.2,22,105.413633
-23.7,37,105.431582
-8.1,21,105.444134
-27.4,104,105.503953
-22.2,72,105.581097
-39.0,240,105.865722
-15.6,136,106.058477
-5.2,42,106.121601
-20.2,12,106.139458
6.3,187,106.402279
-16.6,16,106.427974
-23.5,135,106.629727
-22.1,81,106.753625
3.3,37,106.810959
-23.6,46,106.879189
-8.8,78,107.008156
-16.7,87,107.148364
-24.0,30,107.191018
-24.0,50,107.26993
-25.3,33,107.314462
-19.5,75,107.436105
-6.3,23,107.465138
-16.5,25,107.507762
-19.7,57,107.601839
-20.6,16,107.627304
-22.3,43,107.693998
-19.8,68,107.799533
-6.6,16,107.827896
-15.3,33,107.877752
-9.9,39,107.939475
-21.2,22,107.971822
-19.9,39,108.034895
-8.1,91,108.097729
-40.4,214,108.21008
-15.2,22,108.223387
11.2,58,108.251654
-21.9,59,108.282521
-7.2,52,108.309268
-35.5,75,108.348592
-20.3,23,108.358759
-0.9,39,108.377694
-12.4,54,108.403953
-19.9,39,108.423237
-19.2,22,108.433931
-5.9,129,108.500211
-10.5,25,108.511704
-12.0,50,108.536472
-31.2,62,108.564974
-34.5,165,108.647985
-11.7,17,108.654932
-27.2,22,108.664628
-32.7,67,108.700057
-29.2,122,108.756464
-20.8,18,108.765664
-42.1,121,108.825636
-19.3,53,108.853254
-18.4,104,108.908547
-26.6,76,108.946653
-3.3,33,108.962254
-14.8,18,108.971918
4.7,23,108.984709
-19.3,13,108.991182
-11.8,28,109.00527
-9.0,130,109.06956
-40.0,250,109.189015
-9.0,20,109.199788
-17.7,17,109.210266
-20.4,34,109.226529
4.2,98,109.279802
-23.9,79,109.318218
-25.7,37,109.338238
-9.2,22,109.350572
-10.0,50,109.377859
0.3,17,109.387515
-17.1,51,109.413781
-21.0,40,109.434407
-14.6,76,109.47436
-0.5,25,109.484525
-21.5,115,109.539571
-14.5,45,109.568285
-23.5,35,109.589689
-11.5,55,109.618383
-6.3,43,109.641219
-56.5,305,109.789908
-17.2,102,109.845018
-26.0,50,109.870037
-3.1,61,109.899984
-2.7,97,109.945983
-26.7,47,109.967726
-19.8,68,110.005068
17.2,18,110.013878
-22.2,72,110.051228
4.9,41,110.072371
-13.1,31,110.091266
-6.2,32,110.108024
-5.0,20,110.119085
-4.7,137,110.188676
-30.3,103,110.241151
-8.8,18,110.252698
11.1,229,110.377849
-26.0,70,110.410465
-26.5,85,110.453041
-10.6,36,110.470639
-2.4,24,110.483645
-2.6,106,110.532744
-21.6,256,110.65876
-24.9,49,110.68729
-7.9,59,110.717813
-21.6,66,110.756441
-12.2,92,110.799963
-16.6,36,110.822239
-30.5,45,110.844427
-12.3,83,110.889856
-21.1,31,110.906202
-8.0,70,110.942554
4.7,23,110.956631
4.9,121,111.019138
-26.7,87,111.06526
-14.6,96,111.117638
-22.1,41,111.13857
-21.6,26,111.149473
-28.9,69,111.185732
8.8,52,111.214722
-5.6,36,111.231584
-16.4,14,111.237305
-7.4,24,111.248495
-5.4,84,111.291269
-22.4,114,111.401301
-21.1,71,111.487389
-17.3,13,111.507967
-10.3,23,111.538401
-34.4,134,111.72876
-21.9,19,111.737981
-10.0,50,111.761817
-33.8,148,111.836041
-28.0,110,111.889026
-14.3,73,111.927714
-19.5,15,111.936488
-22.1,41,111.958298
1.0,30,111.9734
-6.5,25,111.985682
12.6,144,112.053778
-20.7,47,112.074259
-25.3,33,112.092229
-28.2,92,112.136762
-20.2,32,112.153418
-10.4,34,112.170153
-20.1,21,112.181324
-16.5,85,112.225295
-32.3,123,112.281765
-20.5,145,112.536498
-30.0,30,112.549219
-19.4,164,112.628591
-17.2,192,112.726646
-18.4,74,112.761235
-14.3,43,112.781834
-19.3,53,112.809164
-22.5,105,112.868585
-28.9,89,112.909864
-18.4,54,112.937491
-21.6,26,112.948703
-28.7,47,112.970893
-20.4,54,112.998176
-32.7,147,113.065307
-21.1,31,113.083089
-24.1,41,113.102869
-16.4,54,113.128907
-23.4,24,113.139878
-7.0,20,113.148732
-23.7,57,113.17619
-6.4,34,113.193323
2.0,120,113.254641
-17.0,60,113.281707
-4.7,57,113.30874
-15.1,131,113.367112
-15.4,24,113.378733
-17.9,79,113.417455
-19.2,42,113.439245
-25.3,53,113.463056
2.3,27,113.475236
-4.9,69,113.535145
-22.1,101,113.676629
-5.9,19,113.705864
-5.6,16,113.728006
-28.5,45,113.774514
-31.8,128,113.943158
-4.5,45,114.009119
-27.2,42,114.073187
-19.4,44,114.133617
-24.9,89,114.221092
-22.8,78,114.335521
-25.1,91,114.465662
2.3,127,114.654376
-31.3,213,114.890553
-25.5,35,114.943853
-25.5,35,114.995542
-6.9,29,115.0418
-18.6,36,115.095861
-34.4,74,115.205964
-16.8,38,115.258668
-24.0,70,115.366515
-25.1,31,115.408322
-6.9,49,115.484049
3.9,41,115.538187
-27.8,28,115.578899
-13.4,44,115.646187
-17.0,100,115.801164
-27.7,77,115.917363
9.7,33,115.963181
-29.7,157,116.157803
-21.8,28,116.192047
-8.4,94,116.304291
-21.0,20,116.327804
-2.5,35,116.367392
-18.6,16,116.387756
-20.0,70,116.46183
-13.6,66,116.535219
-8.1,41,116.594898
-22.8,58,116.679986
-13.9,39,116.737006
-17.0,40,116.798929
-1.2,22,116.833822
-0.4,84,116.960808
-18.7,27,117.004182
-1.3,33,117.056037
1.8,82,117.182373
-6.4,34,117.238503
0.5,85,117.362607
-29.4,84,117.494472
-24.0,90,117.635398
10.7,133,117.846124
-1.7,67,117.943844
-11.6,26,117.979657
-27.9,169,118.231946
-29.8,48,118.31103
-8.1,21,118.350976
-21.7,57,118.4453
19.4,56,118.540094
-23.0,20,118.571299
-17.7,17,118.598926
0.6,94,118.770187
-13.9,19,118.797844
6.3,87,118.945749
-22.5,25,118.984802
-15.9,19,119.021417
-24.3,23,119.06066
-20.5,105,119.234328
-5.1,141,119.469003
-25.2,102,119.645875
-23.6,66,119.754345
-23.5,95,119.922751
-28.5,125,120.12601
7.2,28,120.177346
6.5,25,120.222201
6.7,23,120.26259
-31.4,44,120.337455
-16.4,54,120.413194
-48.1,261,120.709665
-22.4,34,120.749828
-35.9,99,120.844556
-4.7,27,120.876569
-19.9,39,120.913877
-0.5,35,120.952872
0.9,141,121.098626
-32.1,81,121.184964
-24.3,23,121.208607
11.5,35,121.260674
-8.0,30,121.304559
-28.0,50,121.355428
-23.9,59,121.41914
-14.0,50,121.475461
13.6,64,121.544912
-11.2,122,121.670512
17.5,75,121.749551
-26.3,43,121.7923
-17.0,20,121.81594
-26.8,38,121.860107
-16.8,38,121.902375
-19.8,48,121.955688
-15.0,60,122.041423
-25.5,55,122.168111
12.4,56,122.27913
-2.5,75,122.394097
-29.9,159,122.619322
-26.4,34,122.669992
-19.2,22,122.699525
-16.1,61,122.797928
-16.3,73,122.896285
-4.9,39,122.946527
-24.3,63,123.046548
-2.8,18,123.074385
-16.6,36,123.128237
-29.4,64,123.228428
-29.2,42,123.286348
8.2,138,123.446577
-9.6,46,123.495406
-2.6,106,123.604
-33.9,99,123.698146
-22.7,87,123.795175
-13.5,35,123.831146
-22.0,30,123.868567
-12.9,49,123.925543
-15.9,19,123.946388
-31.6,66,124.005633
-18.7,27,124.032116
-11.7,37,124.066266
-20.3,43,124.117336
-14.2,142,124.259091
-19.0,40,124.299541
18.9,91,124.416774
-30.2,32,124.454438
-13.9,19,124.475287
-23.7,97,124.576259
-14.6,96,124.675362
-16.6,16,124.694245
6.1,59,124.764349
-20.1,101,124.868423
-18.6,36,124.905837
-6.5,195,125.133162
-7.4,34,125.166221
-22.6,16,125.184564
-25.6,46,125.234866
-23.4,124,125.377645
-23.9,39,125.417661
1.5,75,125.499936
-15.3,113,125.621282
-20.2,32,125.652258
-2.9,99,125.7997
-16.0,30,125.853079
-28.5,85,125.922896
-24.6,16,125.932015
-16.8,18,125.940275
-16.5,25,125.955453
-2.3,73,125.998074
-3.8,28,126.013779
-18.4,384,126.208704
-9.9,39,126.231333
-34.6,136,126.294647
-22.1,41,126.314454
-17.1,51,126.340489
0.6,74,126.378428
-12.3,73,126.416118
-25.0,40,126.437588
-11.4,24,126.449262
-27.1,51,126.472179
-28.9,89,126.513477
-32.6,96,126.557859
-7.1,51,126.582078
-6.4,204,126.683434
-32.7,47,126.706023
-27.8,28,126.720428
-23.9,59,126.747469
-9.4,134,126.812587
-16.1,61,126.84181
-25.7,57,126.869431
-25.3,113,126.922646
-28.3,83,126.960281
-2.3,53,126.98568
-22.9,29,127.000736
-23.1,31,127.015152
-30.8,138,127.080413
-22.4,54,127.108834
1.0,50,127.133922
-19.0,60,127.164502
-14.0,50,127.187534
-26.7,67,127.219481
-35.2,242,127.334324
-4.6,46,127.357116
-26.3,43,127.375839
-31.8,48,127.397566
8.9,61,127.427196
-23.4,44,127.447772
-20.0,30,127.460181
-4.7,47,127.482854
-14.1,41,127.503051
-23.4,134,127.568657
-13.1,31,127.581307
5.6,24,127.592189
2.8,52,127.616151
-32.2,132,127.676421
-14.1,21,127.690969
-21.6,26,127.7158
-16.2,62,127.781661
-13.7,17,127.798503
-20.9,29,127.829778
-9.1,51,127.885854
-1.8,48,127.947675
-0.3,133,128.151205
-17.6,46,128.232319
-8.0,30,128.27486
4.8,32,128.322634
-14.7,87,128.456164
-14.5,75,128.570166
-23.7,97,128.705662
-9.4,54,128.78363
-29.6,86,128.914169
-15.4,24,128.949055
-5.5,35,129.002066
-29.3,73,129.099067
-21.1,71,129.203788
-21.9,59,129.283286
-34.2,132,129.482475
-27.8,68,129.585189
-2.3,23,129.617357
-25.3,33,129.664102
6.1,49,129.73525
-2.2,12,129.754651
-32.7,107,129.919772
-28.2,92,130.06646
-6.2,32,130.117213
-16.1,71,130.239754
-11.7,17,130.261777
-18.6,16,130.283435
-31.5,135,130.502472
11.9,101,130.670635
-14.7,27,130.717694
-21.5,95,130.865167
-25.3,33,130.91111
-16.4,174,131.195831
-17.2,62,131.277546
-1.9,19,131.314189
-20.8,128,131.519338
-4.3,33,131.563699
-10.9,49,131.641787
-11.3,113,131.826811
-22.8,18,131.851068
-17.5,35,131.911334
-15.7,17,131.936191
-12.5,25,131.972287
21.2,108,132.132078
-14.7,27,132.168314
-19.3,153,132.397856
-6.6,36,132.445279
-0.9,39,132.50952
-24.1,61,132.591079
-9.7,67,132.695832
-7.1,11,132.711884
-9.2,42,132.76654
-23.5,35,132.816335
-23.0,40,132.877033
-4.8,38,132.933391
-26.2,32,132.974608
-25.2,22,132.999808
-15.5,35,133.051185
-21.0,20,133.078557
-15.3,33,133.116377
-18.4,174,133.349228
-23.6,66,133.413855
-23.3,33,133.443782
1.7,53,133.507155
-15.3,33,133.546241
-26.0,70,133.629112
-6.8,18,133.65127
-4.0,60,133.715543
-14.7,237,133.98062
-14.3,83,134.07861
-23.6,46,134.125148
-25.0,60,134.19085
-16.4,34,134.229196
-17.2,62,134.302513
-12.6,96,134.406315
-27.9,79,134.477956
-25.8,88,134.571699
-25.8,48,134.619353
-5.1,81,135.941492
4.9,141,136.181586
-28.8,98,136.341609
-10.9,49,136.426797
-22.9,29,136.478747
-13.0,20,136.507366
-10.3,63,136.610789
-29.1,111,136.803744
-21.0,20,136.832555
-20.0,30,136.882481
-23.1,31,136.930168
-8.0,30,136.990807
-18.3,83,137.126513
-9.6,76,137.259732
-6.8,38,137.309602
-11.8,68,137.416493
-19.6,26,137.465699
-18.0,30,137.511585
-16.6,16,137.53615
-1.0,90,137.67149
-26.6,36,137.725115
-33.4,184,138.015022
9.3,57,138.102275
-23.2,102,138.256593
-23.1,31,138.30494
-4.4,14,138.330941
-7.6,26,138.367049
2.2,38,138.427466
-0.3,23,138.46032
-24.0,30,138.50842
-24.7,47,138.571941
-7.9,59,138.65155
-10.2,32,138.705214
-18.1,21,138.735616
-5.4,44,138.795988
-27.5,135,138.988378
-11.7,17,139.018668
-26.3,43,139.078691
4.5,45,139.149951
-1.8,18,139.170358
-2.9,19,139.198815
-19.3,33,139.249334
-31.4,24,139.284942
-23.3,53,139.361513
-18.1,21,139.397626
-21.2,22,139.4282
-24.8,58,139.512257
-42.6,176,139.759429
-16.4,14,139.776336
-13.2,22,139.81135
-28.4,54,139.891818
-23.9,59,139.97716
13.1,69,140.065479
-21.0,80,140.177122
-31.4,84,140.299047
12.9,81,140.439816
-21.3,53,140.536857
-0.7,77,140.659743
-11.3,33,140.720051
-19.4,64,140.825513
-23.6,86,140.97481
-7.7,37,141.036558
-17.8,88,141.176325
-36.1,141,141.407672
-17.7,17,141.433439
-33.7,117,141.618045
-9.3,93,141.762578
2.4,56,141.86405
-17.2,42,141.925319
-8.2,32,141.978132
-22.4,14,142.005194
-27.0,40,142.067116
-22.3,43,142.135599
-23.2,22,142.163868
-1.3,43,142.236916
-10.6,76,142.351748
-29.1,51,142.417495
-20.1,41,142.459611
-23.6,26,142.484809
-30.8,78,142.560983
-23.2,42,142.60251
-23.4,24,142.62903
-24.0,30,142.662927
-4.8,18,142.68433
-4.5,75,142.773394
-23.5,35,142.811631
-2.8,18,142.829776
-11.2,172,143.01355
3.5,205,143.222314
-26.9,29,143.250729
-25.8,28,143.280596
-7.2,22,143.305258
-26.7,27,143.341246
-28.2,212,143.581435
-25.4,24,143.616571
-3.6,26,143.656398
-19.7,117,143.826336
-20.0,70,143.921918
-14.7,47,143.992843
-17.2,62,144.078785
-13.8,48,144.147284
-7.0,80,144.257755
-13.9,19,144.281095
-24.0,50,144.353421
-20.9,49,144.41464
-19.6,46,144.490568
-22.3,83,144.601947
-18.6,76,144.70966
-18.1,41,144.782601
-2.3,93,144.922175
-21.8,118,145.115319
-24.4,14,145.140823
-22.5,25,145.177349
-1.0,20,145.208683
-2.4,34,145.268214
-10.5,25,145.307726
-21.0,40,145.368419
-6.2,42,145.43439
-35.5,195,145.756858
-4.9,69,145.866827
-8.7,47,145.948163
-7.3,53,146.027617
-15.0,20,146.056001
-11.3,53,146.153396
-36.4,174,146.424347
-18.1,61,146.515336
-22.9,29,146.564265
-18.8,58,146.64264
-7.6,126,146.861497
-29.6,86,146.991684
-7.6,26,147.031215
-21.4,44,147.095737
-11.2,22,147.127274
-5.5,15,147.151796
-34.2,72,147.270662
-19.0,40,147.329866
-7.2,92,147.471488
-13.0,60,147.567222
10.6,54,147.65782
11.4,56,147.744562
-26.7,27,147.786521
-3.7,37,147.847022
3.4,26,147.896602
-22.2,12,147.913294
-14.9,129,148.140134
-27.9,39,148.205273
-16.2,92,148.366847
-19.9,19,148.398639
7.8,42,148.467942
-21.2,42,148.549444
-12.9,49,148.639293
-4.0,50,148.727314
-34.4,94,148.888871
-34.2,422,149.39133
-16.6,86,149.479541
-26.1,41,149.526221
1.3,77,149.60516
20.8,22,149.630769
-15.3,223,149.863191
-19.6,26,149.886286
-21.3,33,149.91729
-31.0,80,149.998313
-17.3,33,150.034161
-27.5,75,150.107638
-5.8,28,150.138521
-12.5,85,150.221996
-12.6,36,150.260881
-7.0,40,150.307714
5.7,113,150.434723
-4.6,16,150.450141
-24.6,36,150.486937
-24.7,107,150.595221
-19.1,91,150.682009
-30.0,50,150.73218
-23.3,33,150.771023
-20.1,41,150.818891
-25.5,55,150.883637
-22.4,34,150.927621
-8.3,23,150.950464
-27.2,42,151.003954
-7.9,79,151.095508
-5.7,37,151.1434
-23.7,57,151.209029
15.9,121,151.344532
-21.4,24,151.36929
-45.4,204,151.587809
-2.4,14,151.604211
-9.1,31,151.638243
-32.0,90,151.746811
-20.4,34,151.786973
-22.0,50,151.843004
16.9,31,151.877381
-11.1,71,151.959527
-7.3,123,152.110922
-18.8,18,152.129262
3.2,48,152.175429
-24.8,58,152.229737
-23.4,24,152.249627
-10.6,76,152.32431
-19.8,28,152.349395
6.0,80,152.429335
-4.4,24,152.45245
-22.4,74,152.525803
-27.9,79,152.605223
-13.1,31,152.635424
-19.7,17,152.657021
-20.8,78,152.732827
-20.2,32,152.762623
-22.3,23,152.785716
-27.6,26,152.809501
-19.0,60,152.864286
-24.0,30,152.896499
-15.6,86,152.986702
-30.5,45,153.037303
-31.2,102,153.142403
1.5,185,153.350158
-24.7,47,153.407383
-15.2,42,153.454512
-19.7,147,153.673429
-3.4,44,153.734987
-25.4,24,153.772536
-23.1,31,153.822144
-9.5,15,153.844336
-26.7,107,154.001649
-24.7,27,154.037933
-6.6,26,154.083083
-20.8,38,154.142953
-19.9,39,154.210387
-12.9,69,154.319481
13.6,64,154.419341
-9.4,64,154.529177
-29.6,166,154.796526
-4.6,46,154.870981
-12.1,21,154.909021
9.4,76,155.04353
-13.5,35,155.095437
-1.6,116,155.279425
-23.4,24,155.318423
-36.3,83,155.445088
-23.7,177,155.730127
-1.0,100,155.874929
-4.8,38,155.934931
-12.3,23,155.972456
-19.0,60,156.06477
-12.5,45,156.140847
-14.8,18,156.167048
-12.7,127,156.365894
-21.1,71,156.481832
-25.9,39,156.540659
-25.5,35,156.589561
-18.4,34,156.657651
-13.3,53,156.734114
4.2,98,156.887975
-21.7,57,156.983651
-30.0,110,157.154324
19.8,92,157.310931
-9.4,44,157.386292
-28.2,52,157.460483
-23.9,39,157.521579
-35.4,124,157.737962
-0.4,34,157.797179
-22.2,32,157.852093
-28.1,41,157.916957
-21.7,57,158.015909
-33.2,142,158.250764
10.0,30,158.296652
-26.8,38,158.362534
-5.5,15,158.386415
-20.0,10,158.403073
-14.3,43,158.480889
-12.0,130,158.677673
-12.2,12,158.690141
-9.2,62,158.760173
-13.7,37,158.797659
-25.5,55,158.861262
-12.8,18,158.881288
-13.1,71,158.958135
-21.3,13,158.970732
-5.1,61,159.042815
-7.1,31,159.077415
-23.4,24,159.106894
-9.1,121,159.241902
-29.1,91,159.360144
13.5,135,159.519483
-29.7,37,159.556495
-19.2,42,159.607441
-3.0,20,159.631045
-32.3,123,159.764104
-9.3,13,159.783662
-18.6,16,159.803591
-27.9,39,159.843122
-11.7,17,159.864272
-18.6,156,160.040752
-10.4,94,160.155541
24.1,79,160.244045
-19.6,26,160.268977
5.8,22,160.294183
-20.7,27,160.324049
-16.6,116,160.446672
-32.3,103,160.547323
-25.7,57,160.60856
-3.8,48,160.679598
-23.0,150,160.900224
-29.1,51,160.968899
-30.7,87,161.062807
-37.6,166,161.174981
-26.8,58,161.20682
-15.8,28,161.220897
-18.1,41,161.238613
-27.5,115,161.293563
-26.7,87,161.332365
-28.6,76,161.372852
-14.7,47,161.39665
3.4,46,161.419185
-9.3,33,161.434279
-24.1,21,161.443646
-23.8,48,161.4673
-7.4,14,161.476276
3.0,20,161.486988
-16.9,29,161.501123
-2.7,27,161.516631
-1.6,26,161.529266
-21.9,199,161.640203
-33.9,139,161.711046
-16.7,67,161.741064
-31.4,144,161.812971
-2.8,38,161.833644
-18.6,16,161.841404
-29.1,51,161.865315
-20.6,16,161.874914
10.6,54,161.900281
-14.9,69,161.934624
-35.6,86,161.976089
-7.2,42,162.428142
-2.3,93,162.480452
-15.0,40,162.501255
-5.3,183,162.600168
3.4,26,162.61444
-23.9,19,162.62702
6.0,60,162.660452
-6.4,124,162.727592
-24.8,18,162.735726
-15.3,53,162.764307
-21.2,192,162.875432
-10.1,61,162.913938
-14.4,74,162.953666
-36.3,163,163.044058
-8.7,47,163.070352
2.8,32,163.0873
3.0,110,163.140326
-18.8,58,163.172116
-22.9,29,163.186011
-10.7,27,163.200086
-7.9,59,163.231442
-10.3,23,163.244854
-8.7,67,163.281836
-23.7,17,163.290035
-9.9,19,163.301773
-25.4,24,163.315412
-11.3,113,163.425389
2.8,52,163.480413
-8.0,70,163.569919
-14.8,68,163.643233
-12.2,32,163.677241
-10.5,95,163.77851
-14.7,27,163.806862
-23.0,20,163.828512
-19.9,19,163.848171
-10.3,23,163.878449
-11.9,19,163.897951
-30.0,110,164.032983
-13.7,37,164.071488
-13.9,39,164.110332
-23.0,20,164.129436
-8.7,27,164.161031
-23.9,79,164.233264
-44.2,232,164.539338
-28.6,136,164.692573
-12.0,120,164.827677
-33.5,95,164.934429
-25.6,86,165.028848
-30.0,50,165.080041
-27.2,82,165.177783
-12.2,52,165.242483
3.8,22,165.262075
9.8,22,165.28714
-12.6,56,165.350664
-15.0,60,165.417721
0.9,41,165.457113
4.0,60,165.518767
-26.7,47,165.565214
-21.3,93,165.664377
-23.3,73,165.737726
-10.0,100,165.843879
-18.1,21,165.864554
-3.9,79,165.948065
-8.4,54,166.01571
-17.0,80,166.105669
-13.1,51,166.164275
-22.9,49,166.217275
-17.0,60,166.281644
0.7,73,166.360032
-27.8,108,166.478254
-5.3,33,166.514989
-12.1,41,166.560136
-5.8,198,166.782791
-19.1,11,166.794876
-12.3,83,166.889622
-12.8,148,167.080856
-14.7,67,167.189604
-2.5,25,167.222962
-20.7,67,167.335023
-6.6,36,167.393565
-27.8,68,167.499226
-3.3,33,167.547068
-23.8,48,167.596885
-15.7,97,167.75745
-30.1,81,167.886417
-12.4,94,168.019893
-17.2,62,168.111872
-15.1,31,168.161664
-7.6,66,168.251181
-19.3,53,168.324572
-13.2,22,168.360643
-31.3,223,168.715901
-4.5,25,168.754141
-23.1,31,168.802217
-27.5,35,168.851573
-28.2,152,169.102353
0.9,81,169.241147
-11.9,19,169.269848
-17.7,37,169.335133
-33.0,40,169.393768
7.6,24,169.436073
-1.2,42,169.501103
-24.9,49,169.579089
-23.8,28,169.626928
-26.9,69,169.748372
-24.1,41,169.814904
-9.4,104,170.003811
-18.5,65,170.119586
-14.6,36,170.166264
-25.5,155,170.418224
-30.8,98,170.567065
-22.6,76,170.687148
-8.9,49,170.770601
-12.8,38,170.824383
-21.8,28,170.864204
-14.3,43,170.929505
-6.1,41,170.988482
2.4,116,171.157066
-9.4,24,171.185951
-26.4,54,171.270086
-16.2,52,171.35291
-8.0,30,171.396928
-9.5,35,171.451256
1.9,21,171.478317
-16.0,50,171.567462
-11.9,59,171.661694
-8.8,38,171.726382
16.1,239,172.086599
-12.1,81,172.225406
-11.7,77,172.369109
-28.4,34,172.428035
-7.7,57,172.536207
-18.4,134,172.778735
-15.9,19,172.811673
-26.5,85,172.955056
-18.4,14,172.979812
-16.0,50,173.06493
-23.8,28,173.11488
-30.7,87,173.283558
-28.4,134,173.51752
6.0,80,173.658518
-24.0,50,173.746425
-7.4,64,173.858618
-15.8,28,173.906312
-12.8,138,174.159324
-19.7,17,174.187206
-0.4,24,174.227833
-18.2,32,174.287543
-5.7,67,174.414902
-9.5,55,174.508674
-22.7,47,174.593353
-9.5,35,174.66167
-15.4,144,174.922738
-12.9,69,175.032467
-9.8,48,175.105206
-8.1,61,175.215033
-5.0,60,175.337024
-8.1,41,175.416891
-13.9,59,175.517431
-18.7,27,175.566252
-14.5,45,175.641281
11.3,37,175.719369
-7.8,28,175.767866
-14.6,36,175.83554
0.4,216,176.195097
-15.9,19,176.219394
-9.8,68,176.35129
-10.3,193,176.667982
-8.1,41,176.70814
-4.3,23,176.735014
-12.5,95,176.836288
-5.9,109,176.964589
-27.5,95,177.064117
-22.0,50,177.120087
-17.2,22,177.142016
-9.0,20,177.163045
-18.2,12,177.175359
-10.9,29,177.223837
-4.7,27,177.262443
-20.8,58,177.35968
-36.1,141,177.572587
-16.3,43,177.642397
-10.7,157,177.882719
-9.9,19,177.913423
-11.1,31,177.963525
-18.8,38,178.020127
-19.2,42,178.089341
-11.8,28,178.134959
10.7,13,178.152261
10.4,76,178.280202
-11.7,37,178.341649
-20.4,14,178.376393
-12.3,43,178.417869
-18.5,25,178.446395
-26.7,27,178.473312
-23.9,19,178.494182
-5.8,28,178.5313
-36.5,145,178.737696
-11.7,17,178.762532
-15.1,51,178.822983
-32.2,92,178.926489
-18.7,147,179.077337
-18.2,32,179.110957
-3.2,42,179.156726
18.9,51,179.212521
-32.7,147,179.383692
-18.5,25,179.413075
-18.2,32,179.446685
-13.8,108,179.571149
-14.0,110,179.688229
-2.6,36,179.722784
-16.9,149,179.875014
-16.5,25,179.907846
-31.5,35,179.963253
-5.7,37,180.020879
-22.5,85,180.161272
-5.8,48,180.23823
-17.3,13,180.256769
-12.6,36,180.314109
5.8,42,180.376685
-24.3,43,180.451311
-18.6,76,180.569227
-21.7,17,180.59311
-34.6,76,180.716817
-15.4,104,180.874521
-22.5,25,180.920631
0.7,43,180.985254
-27.0,20,181.009435
-25.3,33,181.047997
31.0,100,181.206028
-13.6,66,181.300658
-1.1,61,181.370389
5.8,92,181.482167
-11.0,20,181.509096
-32.6,96,181.659399
-19.1,11,181.677834
8.8,52,181.736191
-3.2,62,181.805408
-30.7,87,181.896473
-24.6,56,181.95703
-19.7,37,181.998493
-9.6,46,182.058801
-14.5,25,182.090754
-32.7,67,182.17179
-20.2,12,182.184678
-23.0,40,182.231198
-19.8,28,182.25892
26.4,146,182.417139
-17.1,31,182.445927
-11.9,19,182.467544
-23.0,20,182.488991
-25.8,48,182.535442
-23.1,31,182.568944
-34.8,98,182.673242
-19.8,128,182.809342
-22.8,18,182.833878
-21.4,24,182.856997
-1.5,65,182.942697
-21.7,37,183.001915
-19.5,35,183.057935
-16.2,92,183.173957
0.7,103,183.33166
-23.5,35,183.386457
8.7,23,183.419457
-6.4,34,183.47526
-6.5,95,183.619021
-8.0,70,183.720357
-5.0,30,183.770832
-11.6,86,183.903389
-7.6,46,183.976699
-28.3,83,184.100255
-14.0,50,184.176359
-23.1,51,184.257196
-15.9,19,184.286336
-13.3,33,184.356541
6.6,14,184.374756
-28.6,76,184.502485
-30.8,38,184.566077
-22.2,32,184.617155
-8.6,16,184.641576
4.7,23,184.679342
-21.5,35,184.737446
-15.8,28,184.790353
-5.9,59,184.886192
14.4,46,184.958812
-6.8,38,185.026062
-4.5,25,185.065919
-4.2,12,185.085967
-20.2,12,185.103389
0.8,22,185.14076
-29.1,71,185.239365
-27.7,37,185.287183
-16.2,142,185.488325
-10.7,27,185.537392
4.8,32,185.592165
-11.4,44,185.66595
-6.0,10,185.679735
6.6,34,185.735498
-5.7,77,185.851415
-27.7,37,185.902607
-20.1,41,185.982354
2.1,179,186.283758
-20.7,27,186.331639
-18.9,69,186.441408
-21.2,22,186.477731
-11.7,57,186.548108
-0.9,49,186.606084
-15.7,117,186.753713
-24.1,41,186.80062
-14.7,177,187.032027
-24.7,27,187.076378
-30.2,52,187.151333
-0.3,93,187.296309
-2.1,31,187.347799
-20.8,58,187.438017
1.2,68,187.552155
-13.0,140,187.775205
-16.0,50,187.831271
12.8,52,187.893718
-8.6,46,187.944378
-6.9,29,187.977479
-43.2,182,188.188648
-8.5,55,188.25805
-20.4,34,188.292044
-3.5,35,188.33809
-14.1,21,188.366734
-28.3,103,188.500906
-29.0,80,188.594846
-35.5,75,188.685521
-16.5,25,188.714465
-31.8,168,188.935834
-3.9,109,189.095465
-24.3,43,189.158852
-0.1,91,189.799055
-9.7,17,189.823596
-15.1,31,189.865741
-13.4,44,189.921251
-14.7,147,190.089427
-15.3,53,190.16205
11.6,34,190.206668
-11.7,17,190.231225
-30.2,52,190.294222
-23.8,28,190.327778
-8.8,18,190.349689
-23.4,44,190.393797
-5.3,33,190.430427
-22.5,25,190.456313
-12.4,34,190.488533
8.6,54,190.552778
-6.1,21,190.582954
-30.2,72,190.669359
-17.9,19,190.692944
-23.3,33,190.727333
-31.5,115,190.888001
-30.0,90,190.989601
-27.0,60,191.0616
10.2,58,191.130471
-21.0,80,191.228374
-19.8,48,191.284913
-20.7,47,191.34231
-24.6,16,191.358793
-18.5,45,191.421632
-20.0,50,191.48208
-27.3,93,191.588971
-29.1,111,191.710035
-9.3,53,191.769158
-14.6,56,191.83194
-19.7,37,191.873006
-25.2,42,191.91202
-9.4,24,191.942497
22.2,48,191.989989
-12.3,43,192.045833
-10.3,113,192.217184
-6.1,21,192.250156
-30.1,101,192.408224
-23.6,46,192.478948
-24.9,29,192.51855
-0.8,18,192.549286
-3.5,85,192.685506
-28.8,98,192.844396
-14.5,25,192.883948
-10.7,47,192.955952
-15.6,26,192.992718
-27.2,42,193.04958
-28.4,74,193.159432
-20.3,43,193.228197
-23.2,102,193.393093
-16.1,81,193.516972
-18.7,27,193.55775
-18.6,76,193.679351
-3.8,28,193.729109
-22.6,36,193.786746
4.5,45,193.870424
-3.4,64,193.968676
-8.0,50,194.039521
-14.0,30,194.083834
3.5,35,194.120564
-19.4,144,194.298132
-31.1,31,194.336587
-7.6,46,194.395411
-20.9,29,194.436497
-6.1,41,194.488951
-22.7,67,194.566605
-26.0,90,194.657447
10.4,36,194.695681
-20.0,50,194.753421
33.5,95,194.875408
-17.5,15,194.889976
-10.7,67,194.978844
-12.7,27,195.01132
-23.2,22,195.050461
-13.6,66,195.132324
-9.6,26,195.158329
-13.8,28,195.189655
-18.3,43,195.236704
-17.0,40,195.284301
-19.5,35,195.324019
-2.9,39,195.374293
-8.3,63,195.439828
-3.9,69,195.535479
-4.3,23,195.565252
-17.5,35,195.607249
-22.0,30,195.638857
19.4,36,195.692927
-32.4,34,195.735583
-28.8,98,195.832379
9.7,63,195.898027
21.3,87,195.995805
-0.3,73,196.071066
-17.8,28,196.101122
-33.0,60,196.156082
-11.7,37,196.20341
24.9,121,196.365301
-6.1,21,196.39683
-15.0,40,196.453311
-26.9,69,196.551564
-6.8,18,196.583572
-6.6,36,196.638268
-3.8,28,196.678985
-2.3,23,196.714574
2.6,54,196.784585
-23.3,33,196.833792
0.8,22,196.868225
-12.4,64,196.959837
-15.1,71,197.065322
-12.3,23,197.096838
-6.0,50,197.173384
-29.3,153,197.335943
-19.8,68,197.40347
9.0,160,197.589816
-7.3,143,197.749468
-23.0,20,197.771968
-12.8,38,197.812432
-26.3,23,197.850112
-6.4,34,197.904617
-19.5,35,197.957345
-24.4,34,198.009137
-23.1,51,198.092354
-18.5,45,198.164594
-4.0,50,198.237004
-34.6,116,198.419445
-8.1,41,198.487784
-14.4,54,198.5703
-9.0,40,198.634771
-9.8,48,198.711512
-19.5,55,198.806248
-21.9,79,198.913896
-19.3,53,198.971675
-18.1,21,198.992213
-26.7,67,199.077716
-29.6,46,199.134369
-12.0,30,199.173015
-27.9,19,199.193526
-15.3,223,199.518517
1.6,24,199.558581
-12.2,12,199.579808
-18.5,45,199.648211
-9.4,44,199.696005
-2.9,59,199.76616
-4.6,16,199.784068
-25.6,26,199.81359
-38.3,223,200.069327
-21.3,33,200.104575
-18.1,121,200.246464
-18.0,70,200.358702
-28.2,152,200.589772
-39.7,117,200.767447
-9.0,20,200.798371
-32.2,52,200.881158
-14.3,23,200.919157
-9.9,19,200.948279
-22.8,38,201.006237
-20.9,29,201.053362
-23.2,62,201.160995
13.9,41,201.229467
-27.6,176,201.523507
-15.2,122,201.742161
-4.9,59,201.84038
-2.5,115,202.038009
-1.7,17,202.06748
-27.7,57,202.158457
-1.1,81,202.297233
-16.4,54,202.39109
-22.1,41,202.459434
14.3,117,202.656732
-5.5,35,202.712954
-15.9,19,202.742734
-9.1,51,202.827
-18.1,41,202.893846
8.1,109,203.060998
-7.9,89,203.212219
3.8,62,203.32128
-19.4,164,203.625068
-19.3,133,203.815361
-22.0,50,203.889656
-12.6,36,203.94625
-27.0,60,204.04788
-18.2,12,204.065874
-28.4,34,204.10585
22.8,62,204.214666
25.7,83,204.367834
-0.5,55,204.44955
-23.0,60,204.527347
-32.7,87,204.631166
6.3,47,204.703743
16.4,166,204.981873
-9.1,31,205.02978
-6.7,27,205.079061
-17.5,35,205.138367
-4.4,14,205.160442
-12.9,69,205.2666
16.5,125,205.453311
-21.5,95,205.567484
3.8,62,205.650821
-8.8,38,205.695925
-11.4,64,205.779416
7.0,140,205.97076
-24.3,43,206.03505
31.5,35,206.079474
-23.6,66,206.15057
7.6,24,206.18349
-14.6,96,206.312868
-10.0,200,206.565554
-15.1,71,206.638451
-8.4,34,206.672961
-15.3,73,206.755078
-15.0,40,206.80077
1.9,41,206.850374
-5.9,39,206.895211
-16.7,27,206.923824
-10.3,43,206.969294
-6.2,52,207.021331
-32.2,112,207.140619
-5.3,93,207.247849
-28.4,54,207.298337
0.3,27,207.32527
-26.8,38,207.361195
-17.5,35,207.397209
1.3,77,207.479033
-13.4,134,207.680051
8.9,61,207.775758
-12.6,76,207.88661
-27.6,256,208.180782
-3.9,19,208.189622
7.6,174,208.275208
-14.2,52,208.305184
-15.6,26,208.319064
-12.1,61,208.347614
-4.5,45,208.369444
-3.5,15,208.377782
-23.5,55,208.405552
-19.4,104,208.463614
-26.9,149,208.553698
-11.0,70,208.593568
-14.8,78,208.631682
-30.3,83,208.671694
-9.4,64,208.708354
-12.1,21,208.719892
-22.0,30,208.739349
-16.0,130,208.805053
-15.4,94,208.852957
-10.0,40,208.873474
1.9,71,208.905545
-27.1,151,208.989286
-2.8,88,209.042691
-8.5,45,209.065829
-8.9,179,209.154958
-29.6,66,209.187574
-29.6,66,209.220272
-13.0,20,209.232337
-11.1,61,209.264648
-28.1,61,209.298095
-18.1,21,209.309932
-12.2,12,209.316619
-3.3,53,209.342698
-21.1,51,209.366276
-0.8,18,209.378547
-6.1,41,209.402564
-11.3,13,209.411298
-15.6,26,209.426243
-26.4,54,209.454541
-14.5,115,209.520305
-21.9,59,209.550956
-10.0,90,209.599442
-17.1,51,209.624654
-10.8,28,209.637958
-25.6,196,209.732463
-4.7,27,209.745409
-14.0,80,209.787231
-27.9,39,209.809453
-7.5,15,209.818359
-15.0,110,209.878629
-6.2,32,209.895471
-19.6,66,209.93281
-9.6,46,209.955766
14.3,117,210.015882
-24.6,56,210.045747
-3.7,47,210.071893
-7.7,37,210.093097
-11.9,99,210.144766
-12.9,49,210.17136
-33.5,135,210.245077
1.8,122,210.311971
-1.3,13,210.319633
-21.0,20,210.329821
-22.7,107,210.389729
-11.7,17,210.399383
-24.7,67,210.433218
5.3,57,210.464561
11.3,187,210.565463
-27.7,117,210.63258
-18.4,74,210.676582
-7.2,42,210.6984
-15.5,115,210.761928
-6.0,50,210.787983
-16.7,47,210.813344
-6.5,25,210.826858
-4.0,30,210.844633
-24.5,25,210.857637
5.6,104,210.918659
-25.3,33,210.93636
-11.8,108,210.99177
-13.9,109,211.051699
-9.0,80,211.094439
-4.0,10,211.099317
-0.4,64,211.135167
0.8,92,211.185498
-10.5,45,211.209343
-2.8,58,211.243875
-18.3,43,211.266987
-11.4,64,211.303289
-6.3,23,211.315867
-30.7,87,211.389959
-23.0,20,211.419119
-19.5,15,211.437346
-6.7,27,211.471784
-7.2,22,211.497139
-3.9,39,211.54605
-21.2,62,211.621269
-13.7,67,211.707229
-9.1,31,211.74883
-12.9,119,211.893929
-3.3,103,212.020441
-16.0,70,213.105917
-14.3,43,213.171672
-17.5,115,213.324574
-5.6,46,213.386445
-34.3,143,213.561962
-5.1,61,213.634708
-9.5,185,213.860354
-20.7,47,213.919084
-1.8,28,213.951231
-29.9,139,214.103064
-15.1,51,214.160564
-4.9,139,214.314555
-42.6,156,214.508296
-15.9,39,214.554542
-18.9,69,214.637583
2.3,67,214.727527
-19.7,17,214.747791
-21.3,13,214.763674
10.7,133,214.921412
-11.9,59,214.984315
9.6,64,215.057299
-20.1,81,215.151652
-14.5,65,215.227459
-18.0,110,215.376423
-14.7,27,215.411743
-30.6,116,215.536445
-15.5,35,215.572358
-3.4,24,215.599513
-7.9,19,215.62167
-29.7,57,215.687381
-28.2,32,215.729259
-10.7,107,215.843599
-13.5,55,215.904627
-22.3,23,215.929492
1.0,20,215.959058
2.2,98,216.086654
-8.2,52,216.137984
-30.3,43,216.193338
6.1,29,216.247278
-14.8,38,216.298812
-10.2,72,216.412552
-3.1,61,216.476579
-14.0,50,216.536768
-17.9,59,216.616575
-28.7,187,216.813606
-10.1,191,217.044647
8.9,81,217.173579
-15.4,24,217.205897
-23.8,48,217.279285
-13.1,31,217.311404
-18.5,25,217.340179
-23.7,77,217.427449
-10.7,27,217.455143
-20.7,27,217.488445
-4.2,12,217.504923
14.8,62,217.575683
-14.7,47,217.62213
-27.8,108,217.741408
-22.1,41,217.785264
-0.2,32,217.819433
-24.2,32,217.865633
-26.7,27,217.89316
-18.9,29,217.945446
-0.3,53,218.020571
-1.2,102,218.144905
-23.6,26,218.176434
-4.1,91,218.297514
-17.1,31,218.33562
-3.3,33,218.376666
-9.3,143,218.526337
-22.3,63,218.610166
-17.0,70,218.696995
5.1,59,218.765589
-10.8,18,218.784199
-26.1,61,218.846885
-11.0,40,218.889236
-29.1,271,219.177813
-12.1,81,219.263352
-23.7,17,219.281274
-12.6,36,219.318456
2.3,27,219.349831
24.6,54,219.418665
17.4,76,219.498416
-17.5,15,219.513066
-34.2,112,219.632637
5.3,57,219.695265
0.8,22,219.718783
-29.6,66,219.785043
-7.2,22,219.805408
-24.0,50,219.854085
-6.6,36,219.893803
-16.1,141,220.072551
-30.7,207,220.352396
-34.1,81,220.485019
-6.6,36,220.549359
-26.9,109,220.728499
-24.3,83,220.858803
-15.8,88,220.970676
-36.8,138,221.13191
-2.0,30,221.165245
-27.2,42,221.213767
-16.6,86,221.345408
31.7,33,221.402857
-21.9,39,221.467311
-16.5,85,221.605776
-27.2,62,221.717693
-19.7,37,221.778319
-10.4,54,221.861028
-10.1,111,222.039083
-3.5,35,222.10149
8.7,43,222.176213
-4.8,98,222.319356
-30.2,52,222.404635
-27.2,82,222.552465
-16.6,76,222.685676
-19.7,17,222.71171
-18.8,58,222.808883
-8.3,43,222.885536
-13.6,26,222.931143
-24.2,32,222.987468
-2.4,34,223.041486
-8.5,55,223.14792
-18.7,67,223.261257
-20.2,52,223.35032
5.5,35,223.407187
-13.6,46,223.484447
3.6,24,223.526261
-8.4,14,223.549584
-16.3,43,223.621564
-6.0,120,223.824987
-17.8,28,223.86179
-20.8,18,223.891589
-3.1,181,224.211707
-45.2,322,224.763984
-6.6,106,224.914304
-34.0,90,225.022671
-21.3,33,225.065775
-14.0,70,225.152148
-17.2,22,225.183738
-5.0,20,225.211307
-21.5,35,225.248478
-26.6,36,225.28813
-19.0,140,225.481248
-21.9,59,225.542484
-16.8,18,225.566636
-23.3,73,225.643517
19.9,41,225.688046
-24.1,41,225.765672
-32.2,112,225.922722
-21.6,26,225.966022
-25.3,33,226.01386
-27.8,108,226.133118
-24.8,18,226.156521
-5.0,70,226.241086
-13.9,229,226.493441
-10.1,41,226.536611
-5.6,86,226.627933
-28.3,83,226.71424
-17.9,59,226.779306
-14.6,16,226.796046
1.9,21,226.825492
-4.1,21,226.860603
-8.4,54,226.92806
-13.5,95,227.035813
-34.9,149,227.217786
-7.4,44,227.27312
11.1,69,227.346797
-20.1,61,227.421914
-16.6,56,227.488337
-6.3,23,227.515902
-16.6,116,227.643576
-12.5,25,227.67029
2.8,32,227.705112
-0.2,272,228.032251
-10.7,47,228.099544
-18.7,27,228.128251
-11.2,42,228.176138
-3.6,56,228.238187
-27.2,22,228.265313
-11.1,31,228.303801
-18.9,29,228.345939
1.3,57,228.424003
-21.7,57,228.487437
-7.3,33,228.532763
-12.1,21,228.562006
-28.0,70,228.642328
6.8,92,228.754163
-23.0,40,228.797931
-17.6,146,228.965913
-9.1,51,229.016165
-21.9,39,229.061366
-22.3,43,229.125545
-14.9,39,229.175694
-11.7,57,229.243783
-21.9,79,229.348778
-14.5,45,229.403218
-15.0,80,229.501722
-13.3,103,229.643253
-4.2,102,229.786624
-7.6,26,229.817327
-13.1,31,229.852218
-5.2,82,229.921989
-27.4,84,229.992463
0.9,41,230.018346
-36.6,236,230.153094
3.7,73,230.207833
-9.3,33,230.233484
-27.5,35,230.252969
-21.3,93,230.312453
-20.4,14,230.319781
-19.1,71,230.360046
-17.4,44,230.38498
-22.9,49,230.413048
4.0,20,230.426413
-29.9,39,230.450334
-14.1,101,230.506317
-22.0,50,230.536836
-4.9,29,230.555601
-17.9,79,230.617284
-11.4,104,230.681442
-25.9,59,230.711099
-18.5,45,230.737444
-4.8,58,230.768489
-0.9,29,230.782988
-28.5,45,230.808192
2.7,63,230.841948
-4.9,29,230.860929
-27.2,22,230.872335
-22.6,16,230.879807
-16.8,18,230.890873
9.9,61,230.941076
-17.7,57,230.981947
15.8,52,231.014322
0.8,92,231.072703
-11.2,82,231.122865
-11.3,33,231.142768
-8.2,102,231.202842
-16.1,141,231.290061
-8.2,32,231.310232
-24.4,34,231.326607
-9.2,52,231.354249
-1.4,44,231.379729
-4.5,25,231.3935
-0.6,16,231.402208
-22.6,96,231.454237
-22.2,72,231.492584
-13.9,19,231.503693
-12.3,23,231.51611
-2.2,142,231.608076
-22.5,25,231.623531
-3.5,35,231.641468
-17.4,24,231.654691
-20.8,98,231.708285
-11.1,31,231.724985
-17.8,28,231.741026
1.0,50,231.763978
-22.1,41,231.784712
-6.3,53,231.813445
-22.9,29,231.82662
-1.7,147,231.903623
-15.3,53,231.930299
-29.3,143,232.00421
-19.4,24,232.018662
-1.9,69,232.053511
-10.6,56,232.085131
9.4,26,232.097289
-19.1,31,232.114423
-16.6,56,232.143281
-19.0,20,232.153968
-15.4,44,232.179397
-3.3,13,232.191917
-12.4,54,232.224075
-40.2,232,232.35099
-16.4,34,232.367351
24.5,85,232.418129
-31.4,44,232.440029
-9.8,28,232.454172
-13.5,15,232.46031
-16.3,253,232.591157
-15.4,104,232.648486
6.1,69,232.685033
-13.9,39,232.706447
-20.0,70,232.742317
-18.4,114,232.800694
-8.0,70,232.847277
-19.2,22,232.858727
-27.1,71,232.896751
19.4,66,232.930791
-7.6,26,232.943873
-10.2,12,232.95035
-18.4,34,232.968152
1.2,128,233.037776
-22.1,121,233.102177
-29.0,20,233.11172
-20.9,49,233.136517
-15.9,99,233.190862
-5.1,71,233.228168
-8.7,27,233.2428
4.4,16,233.253302
-4.8,18,233.260832
-10.8,78,233.301831
-27.3,33,233.316936
-7.6,46,233.340225
-14.0,30,233.36219
-3.7,17,233.385525
-25.5,95,233.503846
-21.2,22,233.530534
-3.7,37,233.57343
-33.1,91,233.680384
-7.0,40,233.722605
1.9,31,233.775571
7.2,68,233.879911
-13.6,26,233.919715
-16.8,38,233.977615
-15.8,48,234.044699
-17.6,26,234.0858
-12.5,65,234.185514
-10.7,27,234.227865
-18.2,92,234.380831
3.2,68,234.49299
10.8,32,234.557252
-17.2,22,234.586308
-26.3,63,235.365989
2.9,121,235.514102
-26.8,38,235.553059
-10.4,94,235.65812
7.9,61,235.724481
-19.2,42,235.77804
4.2,78,235.866869
-28.4,114,236.00313
0.1,19,236.028559
-3.5,35,236.067813
-14.6,36,236.114367
-24.2,72,236.201347
-18.8,58,236.278623
-10.6,296,236.666488
-12.7,47,236.711122
-25.1,91,236.798969
-28.3,43,236.839804
-3.7,47,236.886644
3.2,48,236.943597
-3.9,19,236.969039
-19.5,55,237.04882
-17.9,19,237.075047
-0.0,60,237.168828
-27.4,84,237.294671
-12.2,32,237.343293
-18.4,74,237.462242
-19.9,39,237.518602
-16.8,18,237.54716
-26.3,63,237.643572
-9.7,187,237.889701
-26.7,47,237.944784
-23.9,169,238.142397
-21.1,51,238.192744
-21.7,17,238.212556
-10.4,44,238.258
-19.2,42,238.313458
-15.8,28,238.360963
6.6,34,238.404924
-27.4,64,238.507537
-1.1,51,238.591687
-11.7,27,238.6358
-6.6,56,238.72384
5.5,35,238.783143
23.5,145,239.0141
-26.3,43,239.080102
-21.7,97,239.229535
-20.8,18,239.258317
-6.1,21,239.297932
-23.9,39,239.3505
-20.6,56,239.442148
-21.9,39,239.503074
-12.2,112,239.675436
-35.5,95,239.842376
-23.5,55,239.937795
-3.8,68,240.045569
-9.9,129,240.238246
-5.7,37,240.301756
-7.8,48,240.374103
-14.5,105,240.527442
-14.6,56,240.61503
-29.7,57,240.711641
-21.7,17,240.736797
-22.5,45,240.803511
-24.6,96,240.947034
-0.1,21,240.977854
-20.6,76,241.090321
-19.1,31,241.14038
-17.8,48,241.208333
-24.4,34,241.268904
23.0,80,241.395942
-23.0,20,241.427781
23.8,82,241.557978
0.2,48,241.637364
-19.1,51,241.716167
-27.1,71,241.827877
-20.5,45,241.889738
-2.1,51,241.970777
-18.6,76,242.091246
-22.9,29,242.135806
-20.3,23,242.169817
-28.5,125,242.371243
-11.6,26,242.41265
-13.0,40,242.482368
-5.3,13,242.508217
-23.8,48,242.582949
-29.6,26,242.619411
-3.1,11,242.640983
-1.6,66,242.775716
-16.1,21,242.817916
-7.5,115,242.907016
-16.2,202,243.024574
-18.8,38,243.048565
9.5,35,243.07077
2.7,153,243.170426
-7.1,31,243.187721
-25.0,60,243.223149
-0.0,50,243.250351
-12.1,71,243.292175
-8.2,72,243.339912
-10.6,16,243.349411
3.7,53,243.381839
3.3,37,243.400755
2.7,173,243.516289
-7.8,48,243.548685
-14.5,25,243.561852
-25.7,227,243.687895
-14.9,49,243.715883
-18.2,52,243.745422
-19.6,46,243.770943
50.1,129,243.846534
-20.3,23,243.864238
-1.6,36,243.88456
-3.4,44,243.910434
-21.8,68,243.954236
-14.9,119,244.02125
-29.9,139,244.095824
-12.8,38,244.119368
-24.1,41,244.142643
-20.5,25,244.15712
-5.4,24,244.170173
-8.7,107,244.237291
-21.8,68,244.281705
-5.5,35,244.302633
12.5,215,244.417961
-2.6,36,244.43815
-17.5,35,244.454474
-12.2,32,244.471412
3.9,91,244.516192
-31.8,48,244.544013
-12.9,149,244.623873
-13.1,101,244.733641
-5.9,19,244.754338
-15.6,56,244.847136
-12.3,23,244.887357
-14.5,25,244.921893
19.2,78,245.044326
-22.8,78,245.150573
-19.2,122,245.328021
24.0,70,245.438651
-22.5,25,245.486777
-9.4,24,245.520591
-15.7,77,245.646138
-20.3,213,245.962897
-18.0,70,246.066072
-21.3,13,246.083502
10.2,108,246.264323
-20.9,89,246.418122
-15.7,17,246.440444
-2.3,23,246.477793
4.1,69,246.589153
-6.8,128,246.797815
-14.3,43,246.864544
-9.2,62,246.967567
-6.4,34,247.022702
-23.2,42,247.09671
11.7,73,247.231907
-9.8,28,247.274551
-12.2,32,247.341388
-23.1,161,247.590198
-8.5,45,247.658131
-11.3,53,247.748228
-8.0,30,247.792366
-0.7,27,247.834301
-21.9,189,248.122431
-1.3,223,248.510575
20.4,66,248.613898
-25.6,146,248.827595
0.2,38,248.895666
-12.5,25,248.940722
-21.3,33,248.990582
-5.3,33,249.044501
-14.8,18,249.072207
-10.2,32,249.127757
-10.3,23,249.165412
-31.7,77,249.286581
-24.6,36,249.337958
-32.6,96,249.46942
-17.5,15,249.492192
-6.1,41,249.562542
-20.2,32,249.613993
9.7,63,249.666605
3.3,97,249.725742
-18.6,56,249.760529
-2.7,97,249.812821
-23.8,48,249.842748
22.6,44,249.87154
-8.8,18,249.88217
-5.6,76,249.925266
-15.2,102,249.985309
-23.9,59,250.020909
-16.6,16,250.0303
-9.1,141,250.112885
5.0,50,250.144021
-9.2,32,250.163417
-18.3,43,250.191356
-12.3,23,250.206877
-4.5,45,250.234884
-13.0,60,250.271024
-4.5,55,250.303077
-11.6,26,250.319107
-9.6,106,250.386118
-21.6,46,250.413018
-26.1,81,250.464921
-17.5,15,250.473191
7.9,91,250.526224
-20.9,29,250.543395
-7.2,22,250.557821
-11.4,24,250.572293
-24.1,81,250.620039
-5.7,17,250.630656
-15.5,55,250.668578
2.8,22,250.68253
-9.3,123,250.755054
-11.9,119,250.826219
-18.9,29,250.841316
-7.2,42,250.864522
-13.9,19,250.876369
-5.1,31,250.893186
-4.2,22,250.906558
-22.7,47,250.935376
3.2,28,250.953653
9.9,31,250.973759
-3.6,56,251.010565
-0.7,77,251.055332
-30.1,61,251.089045
3.9,31,251.107448
-27.2,62,251.143533
-32.7,207,251.263461
-31.9,119,251.33056
-22.7,27,251.344581
-11.1,91,251.398994
-13.4,24,251.412296
-15.3,53,251.448257
0.2,98,251.61876
-14.3,23,251.664935
-22.2,52,251.752149
-21.0,20,251.78692
-11.9,59,251.886599
-23.2,22,251.924363
-27.2,22,251.962409
-12.4,14,251.986281
-29.4,84,252.129421
-22.2,52,252.210209
-21.8,68,252.320905
-12.3,93,252.471245
-6.5,95,252.644277
-21.8,28,252.696887
19.2,98,252.853885
-23.0,100,253.010574
-7.9,19,253.052009
-16.4,14,253.080525
-20.7,67,253.168029
-18.8,18,253.196026
-28.6,36,253.245929
-3.0,40,253.303636
-21.2,22,253.329889
-41.9,179,253.627823
-25.6,66,253.737277
-7.0,30,253.784396
-13.3,33,253.838614
-8.7,47,253.917083
-7.6,86,254.055653
-0.5,75,254.160474
-3.8,68,254.266418
-7.0,20,254.299461
-24.4,74,254.416972
-0.2,22,254.441542
-29.0,80,254.563051
-18.0,30,254.617827
-7.4,74,254.733655
4.6,74,254.854979
-8.7,67,254.959741
-23.6,26,254.994289
-1.0,50,255.077399
22.7,33,255.129962
-7.9,19,255.160237
-21.7,17,255.183717
-11.9,59,255.289824
-22.0,30,255.332031
-18.2,92,255.469601
-15.3,13,255.487478
13.1,259,255.856505
-7.1,31,255.905266
-17.6,46,255.969672
-25.8,248,256.318383
-22.6,96,256.469747
-11.5,35,256.5272
-4.7,27,256.56296
-25.0,40,256.622643
-18.9,69,256.712898
-7.9,69,256.801842
-15.3,113,256.966365
-20.6,36,257.019809
-17.4,24,257.054123
-9.0,80,257.171701
-8.3,133,257.367244
4.8,172,257.674039
-5.2,82,257.813202
-13.8,48,257.886502
-26.0,30,257.944281
-30.9,109,258.102463
-9.5,105,258.25714
-21.3,53,258.352121
0.5,105,258.526675
-20.4,14,258.545257
-8.9,29,258.596964
6.3,47,258.68051
4.0,70,258.810248
-7.2,22,258.845424
-17.4,24,258.888942
-12.2,32,258.939555
-8.4,74,259.071244
-25.3,33,259.12169
-4.1,21,259.158892
7.8,42,259.240755
-1.9,89,259.29357
-14.8,78,259.344115
-32.0,90,259.395764
-14.2,32,259.413795
-11.0,20,259.425173
-9.6,26,259.446266
31.2,78,259.492021
-21.6,26,259.510394
-28.0,30,259.527887
-23.8,108,259.588134
5.2,28,259.840259
-20.9,49,259.869763
-18.4,14,259.87729
-0.7,77,259.923297
-17.9,79,259.969775
-11.0,40,260.006992
-14.5,25,260.028898
-28.3,163,260.126766
-30.1,61,260.164407
-26.1,81,260.209227
4.3,67,260.250729
-10.0,30,260.270656
-7.7,27,260.285099
7.8,62,260.322089
-3.5,35,260.343883
-29.1,71,260.381165
-30.6,56,260.413155
-27.2,22,260.425951
-3.8,28,260.442377
-6.8,58,260.477268
21.1,209,260.605674
12.6,194,260.725249
-12.5,25,260.739438
-14.5,85,260.791767
-5.3,33,260.81296
13.6,44,260.842278
-16.5,45,260.868898
-9.1,61,260.901144
-27.1,31,260.91939
-24.5,25,260.933539
-0.0,120,261.005584
-14.8,18,261.017688
-1.7,127,261.188334
-26.3,43,261.252946
-24.0,50,261.331437
-10.4,14,261.348455
1.5,135,261.563696
-24.6,96,261.721406
-4.3,43,261.797159
-23.5,75,261.924763
-28.2,32,261.988365
-15.2,42,262.066244
-27.1,31,262.135131
-12.9,49,262.218037
-17.6,26,262.264614
-14.7,107,262.440315
-29.3,53,262.532528
5.5,15,262.552751
-10.7,47,262.636156
-35.7,57,262.7319
-16.5,45,262.806087
-18.1,81,262.934984
-21.6,66,263.046587
5.5,55,263.148436
-16.6,36,263.20699
-21.1,101,263.36468
-21.2,62,263.456936
-26.3,43,263.506521
-22.0,130,263.683071
-5.6,46,263.753626
-7.5,85,263.888849
-24.1,21,263.922787
-7.4,114,264.107548
-17.3,33,264.151045
-7.5,35,264.215568
7.2,48,264.299718
-25.1,31,264.340129
9.4,86,264.484204
-23.6,26,264.525122
-7.6,26,264.571851
-6.3,43,264.641109
-24.0,110,264.820539
2.3,87,264.947298
-18.0,30,264.98595
2.9,61,265.078233
-11.4,44,265.141991
21.5,135,265.356374
-4.5,25,265.401997
-3.5,35,265.453325
1.1,59,265.541178
-20.4,114,265.711935
-22.2,72,265.829462
-5.8,28,265.878221
-26.6,36,265.930191
-5.5,55,266.00808
-18.8,18,266.036695
-0.6,46,266.100909
19.3,87,266.245949
-8.1,61,266.344043
-20.1,41,266.414083
0.5,45,266.482277
-7.0,80,266.6064
-13.6,86,266.743475
-22.3,63,266.839673
-16.8,18,266.868769
-9.7,97,267.027267
-0.0,40,267.093225
-4.8,158,267.336378
1.6,64,267.446109
-6.8,18,267.478662
-4.4,54,267.557489
-1.1,41,267.62208
-25.0,40,267.676481
-14.5,25,267.707014
-8.7,67,267.8046
-32.0,50,267.877434
-8.7,57,267.963505
-24.7,27,268.00184
-27.7,37,268.051917
-16.5,25,268.091085
-38.9,169,268.374155
-17.0,40,268.444665
3.5,55,268.540307
-24.4,54,268.631523
-5.5,15,268.658693
-15.8,88,268.805494
-24.9,89,268.986135
-15.4,24,269.037976
-23.2,62,269.149563
-22.3,43,269.224518
-1.2,32,269.276271
-7.3,73,269.40575
-2.7,37,269.472793
-5.2,42,269.528715
-10.4,54,269.62572
-19.8,28,269.666109
9.9,31,269.7242
-16.0,70,269.837396
-26.2,72,269.954694
-33.3,33,269.996408
-19.6,26,270.03581
19.5,45,270.10179
-9.5,65,270.202107
-14.3,23,270.239327
-5.9,69,270.352785
-5.0,20,270.383312
-21.0,190,270.662009
-18.7,77,270.778846
-8.1,21,270.810907
-23.1,31,270.854201
12.7,73,270.955126
-8.1,21,270.98714
-25.6,26,271.027437
-11.3,53,271.120752
-20.5,85,271.267671
-12.6,36,271.324476
-10.3,63,271.440425
-18.9,109,271.631773
-20.0,50,271.720792
-10.6,16,271.74806
13.6,24,271.792251
-9.1,31,271.854647
-20.7,47,271.928365
5.7,33,271.978534
-26.5,25,272.022293
-18.9,29,272.069429
9.7,153,272.321146
-7.4,64,272.416751
-20.7,47,272.511933
-1.5,35,272.579235
-6.7,57,272.661109
8.6,34,272.733362
-11.5,15,272.761128
12.8,182,273.074731
-24.8,38,273.141936
-21.4,64,273.242305
-28.1,41,273.264801
-6.2,32,273.283633
-8.8,38,273.306469
-18.3,123,273.378023
-26.3,83,273.425717
-8.1,41,273.451135
-18.3,23,273.465457
-11.0,40,273.492201
-19.4,44,273.518453
6.1,69,273.565897
-26.1,81,273.609434
-25.0,40,273.631968
-20.5,25,273.646961
-7.3,13,273.654569
-1.2,22,273.667291
-5.2,42,273.690826
-7.8,28,273.707211
-26.6,96,273.772971
-3.6,16,273.782633
-11.2,62,273.820276
-9.1,31,273.841167
-15.1,51,273.872792
-16.2,12,273.879008
-6.4,104,273.941672
-6.6,26,273.957153
-38.8,138,274.041548
-28.4,134,274.11473
-19.9,139,274.196833
19.5,125,274.270446
-25.0,40,274.295031
-19.7,167,274.397877
-15.2,102,274.459254
-24.2,162,274.557844
-10.0,70,274.600824
-24.7,87,274.650536
10.8,142,274.739712
-24.7,127,274.8186
-15.6,26,274.832986
-29.9,59,274.867651
-21.0,100,274.924814
-5.3,223,275.086376
3.4,46,275.170163
12.2,58,275.276937
-17.0,20,275.310432
24.4,66,275.415371
-6.3,173,275.683021
5.1,79,275.814536
11.2,98,275.955346
20.8,102,276.110735
-22.6,76,276.209708
-15.7,37,276.266233
-7.0,20,276.296145
-34.5,205,276.576863
10.3,57,276.654315
-16.9,29,276.6929
-25.1,51,276.762499
-6.5,35,276.817478
-23.7,37,276.861319
-2.8,128,277.033329
4.6,94,277.180329
-17.9,59,277.268463
-2.7,27,277.311486
-20.7,27,277.354585
-17.7,17,277.376274
-26.2,92,277.52463
-3.0,60,277.642181
-15.9,59,277.738368
-12.9,29,277.783404
-28.7,27,277.825863
-21.0,60,277.92058
-22.6,36,277.973898
-15.6,86,278.09063
-17.5,35,278.139357
-29.6,66,278.225566
-0.2,42,278.281009
-12.5,45,278.357547
-21.3,93,278.508262
-12.2,12,278.525015
-24.1,61,278.629383
-15.4,64,278.733215
-14.1,21,278.766997
-27.3,133,278.986557
-16.7,27,279.033882
-10.8,18,279.061402
0.7,33,279.13531
19.7,63,279.239478
-4.6,16,279.265525
-6.8,78,279.403079
-24.9,109,279.562874
-15.7,57,279.652576
-29.3,73,279.744605
-29.5,95,279.878794
-16.9,29,279.930349
18.0,80,280.074329
-18.5,65,280.171368
-10.2,72,280.272163
-18.4,14,280.28781
-7.3,33,280.334651
-20.4,94,280.464313
-19.0,20,280.493534
-23.5,35,280.539526
-26.6,56,280.617086
-8.5,115,280.761096
-27.5,35,280.804992
-7.4,64,280.895805
17.2,118,281.09109
-22.0,30,281.132237
2.1,29,281.186488
-4.9,29,281.246679
-20.3,23,281.282475
10.1,49,281.366271
-19.2,42,281.417279
-22.5,25,281.44904
-12.5,215,281.770398
2.0,20,281.811397
-12.1,61,281.907202
1.1,79,282.041103
-14.5,45,282.125535
-5.0,40,282.2033
-9.6,46,282.28023
-12.1,61,282.380613
21.6,134,282.590376
-32.7,67,282.702053
-13.3,73,282.814288
-23.9,19,282.846101
-20.0,30,282.89417
0.1,49,282.97948
-7.7,57,283.078624
-16.5,115,283.252243
-3.8,38,283.323412
-24.8,38,283.376037
-1.7,17,283.403964
-20.2,32,283.438976
5.5,75,283.486599
-15.5,115,283.556959
-11.4,24,283.572159
-5.4,64,283.609462
-18.1,41,283.637024
1.4,46,283.668039
-15.4,24,283.681845
-2.5,25,283.695342
-12.0,30,283.71396
-4.4,54,283.74529
-19.4,44,283.772545
21.3,207,283.89703
-9.9,19,283.908654
-5.3,33,283.926919
-5.3,33,283.946253
10.2,18,283.960225
-13.5,115,284.027161
-4.7,97,284.091609
-25.7,197,284.207385
-19.5,35,284.232146
-3.4,64,284.27245
-21.5,35,284.290679
24.3,97,284.353951
-25.7,17,284.365235
-6.2,42,284.390071
6.5,85,284.441561
-9.5,55,284.472203
-24.6,36,284.494689
-20.4,114,284.572205
-6.4,14,284.580178
7.7,123,284.652324
-11.2,92,285.106234
-0.1,111,285.175987
-18.3,63,285.215148
-13.6,86,285.318718
-12.3,83,285.450076
-27.2,42,285.510425
-1.2,92,285.667306
-23.1,31,285.714391
1.4,16,285.743401
-19.2,82,285.919519
-2.7,97,286.080218
-14.3,23,286.115967
14.8,102,286.293461
-22.6,56,286.383192
-17.9,39,286.445857
-0.2,52,286.533868
-9.5,15,286.561548
-10.4,24,286.596226
-22.3,123,286.786646
2.6,34,286.856331
-23.1,51,286.924381
-18.5,25,286.961777
3.2,88,287.100942
-10.9,69,287.215694
7.6,24,287.252414
-4.2,82,287.381614
-10.4,14,287.401043
-7.8,68,287.493048
-20.3,23,287.528893
-14.9,149,287.74316
4.1,89,287.865449
-23.6,46,287.928477
-3.1,31,287.969453
-6.6,16,287.992186
-27.2,82,288.116277
-17.1,31,288.164876
-17.6,26,288.2024
-28.7,47,288.263958
-34.9,129,288.464383
-8.5,155,288.699941
-14.8,18,288.728199
-8.4,74,288.829226
-30.5,85,288.952156
8.7,83,289.088834
-7.9,69,289.209558
6.9,81,289.348552
-10.3,43,289.419487
9.0,30,289.480858
-14.8,38,289.538886
-18.0,30,289.593318
-11.1,31,289.647441
-4.3,43,289.710237
0.1,19,289.743951
-12.6,56,289.840156
-8.5,45,289.91163
-4.9,49,289.992202
-5.0,130,290.180186
-38.8,178,290.452232
9.8,42,290.51956
20.2,68,290.634111
-13.6,26,290.648941
-16.8,18,290.658246
-10.5,25,290.671545
-18.6,36,290.691457
-13.7,17,290.703044
-6.0,30,290.719899
-9.6,66,290.761252
-14.1,41,290.78374
-9.9,79,290.831208
-19.3,53,290.862255
-2.8,58,290.894529
-21.9,59,290.92944
-8.5,25,290.942697
8.9,61,290.978771
10.9,21,290.989766
-13.0,40,291.011685
23.6,94,291.067124
10.7,63,291.103734
-29.6,66,291.142388
-20.5,105,291.201976
7.1,39,291.226261
-5.6,96,291.283458
-3.9,59,291.317369
1.1,59,291.3519
-18.4,14,291.361214
-7.4,24,291.376672
-1.6,26,291.390425
-8.0,30,291.407892
-2.6,66,291.4406
-26.1,81,291.482953
-19.3,33,291.5012
-7.6,106,291.559239
-16.7,27,291.574147
-20.1,41,291.596566
-22.3,43,291.620964
-0.8,38,291.642024
-29.3,33,291.66157
-25.6,66,291.697914
1.1,29,291.714477
-8.0,30,291.735557
17.3,37,291.758388
-6.5,55,291.789548
-12.9,89,291.839396
-22.0,30,291.856598
-4.4,34,291.87466
-21.1,11,291.881241
-13.8,68,291.920307
-10.7,87,291.970397
9.2,98,292.02478
8.7,63,292.061893
-4.2,82,292.109167
-29.3,73,292.151428
-23.2,22,292.164029
0.7,103,292.230023
-18.2,32,292.248812
-11.5,135,292.33235
-13.7,37,292.353879
-23.3,53,292.386538
0.4,96,292.482111
-13.1,101,292.696208
-13.6,86,292.855115
-10.3,23,292.897788
-20.0,50,292.976882
-6.8,18,293.012613
-30.8,78,293.159759
4.1,119,293.3569
-12.6,56,293.449063
8.5,25,293.484396
-4.4,54,293.573741
-21.1,161,293.815988
-28.6,186,294.072481
-15.0,20,294.102722
-19.3,33,294.156427
-14.3,43,294.221308
-21.1,11,294.239424
-3.5,35,294.298498
3.8,42,294.364726
8.5,45,294.444967
10.4,36,294.496668
-8.8,78,294.618375
-17.0,40,294.67208
-23.9,39,294.728626
-7.1,31,294.7729
20.0,50,294.846933
-18.6,16,294.869794
-13.7,137,295.08324
-6.8,38,295.145254
-0.3,93,295.289683
-9.0,40,295.363286
-2.7,47,295.44361
-1.8,98,295.598708
3.6,44,295.675218
-27.5,95,295.829222
-22.8,38,295.900664
-8.0,50,295.979399
-9.0,60,296.088734
1.1,59,296.188159
-11.8,38,296.251226
-1.7,37,296.320676
6.0,40,296.39201
-1.3,13,296.411793
3.4,106,296.586158
7.8,72,296.683032
-25.0,60,296.720102
-18.4,34,296.74296
10.6,74,296.786242
6.9,21,296.799164
-27.1,71,296.835716
8.0,20,296.846299
-3.7,17,296.857331
-32.4,74,296.895019
-17.4,74,296.938917
-26.0,30,296.953779
-26.9,89,296.99906
-25.5,135,297.073006
-21.4,44,297.092518
-6.3,23,297.104533
-3.2,62,297.135441
-33.3,53,297.164659
2.8,92,297.209421
-30.7,107,297.258801
-21.7,17,297.267813
-2.3,73,297.308605
-15.6,26,297.321709
-26.7,67,297.360132
5.7,33,297.379657
-7.5,15,297.387319
-14.7,87,297.429122
-6.6,86,297.471553
-9.1,51,297.499775
-12.1,61,297.528958
-19.4,24,297.54076
-14.2,202,297.638675
-22.7,107,297.696581
-10.7,47,297.719629
-4.8,18,297.731124
-7.3,13,297.736539
-8.3,43,297.759911
-12.1,81,297.80321
-18.4,34,297.821395
18.9,51,297.847809
-5.6,26,297.864194
2.1,19,297.874365
23.1,49,297.898826
-15.7,37,297.916901
-8.8,78,297.958935
-18.9,29,297.97291
-20.3,63,298.00832
-23.9,19,298.015626
12.1,59,298.045127
-11.9,109,298.101712
-11.5,35,298.121047
11.0,30,298.137316
-9.7,77,298.177338
2.3,127,298.244775
-11.3,93,298.292848
-25.8,48,298.319103
-29.1,151,298.399936
5.3,157,298.482045
-9.9,59,298.510055
-1.1,31,298.52392
-9.5,145,298.602805
-7.0,20,298.613251
-15.8,58,298.6422
-9.2,52,298.670155
-10.9,69,298.709115
-12.1,21,298.724572
-12.3,43,298.746441
-26.8,58,298.776433
-11.3,33,298.791549
-9.2,22,298.801948
-17.4,134,298.871773
-5.9,69,298.906446
-3.3,183,299.007138
-7.5,185,299.100619
-25.0,40,299.123602
-1.8,118,299.1871
-26.3,83,299.235148
-9.9,39,299.256397
-10.0,30,299.271695
1.3,17,299.280354
8.2,208,299.404247
-15.7,117,299.578424
-21.8,28,299.623338
-7.6,116,299.80314
6.9,101,299.966635
8.3,47,300.041988
-20.1,21,300.074912
-6.8,38,300.128084
4.5,45,300.193066
-17.1,141,300.424606
-18.3,43,300.486948
-12.4,54,300.580366
-6.2,72,300.694687
-14.1,81,300.81319
-18.0,30,300.859742
-7.2,22,300.890824
-16.3,53,300.960864
-16.4,54,301.036369
-7.1,51,301.10529
-21.2,42,301.166721
-23.4,44,301.232527
16.3,107,301.410079
-23.0,20,301.443358
-14.3,63,301.541438
-2.4,44,301.612401
-9.7,57,301.709475
-12.3,43,301.782652
-3.5,35,301.832405
-24.4,34,301.874547
-30.1,81,302.006712
-3.5,35,302.062536
-23.1,31,302.105065
10.0,40,302.172243
-12.6,56,302.248907
-12.2,32,302.292113
0.2,28,302.329386
-32.5,105,302.468992
-3.5,45,302.525462
0.5,15,302.549413
-15.6,116,302.723015
-24.4,54,302.803675
-7.6,116,302.977795
-21.5,35,303.028722
2.5,45,303.098574
-5.9,19,303.130191
-6.9,139,303.364827
10.4,126,303.609478
2.0,60,303.690788
4.3,47,303.755505
-21.9,119,303.928607
-16.5,25,303.959178
-21.3,73,304.068466
-3.9,19,304.097614
-22.2,72,304.191716
-10.0,80,304.315099
-28.0,140,304.520881
-7.5,145,304.717911
-9.6,66,304.821966
-26.9,109,304.968608
0.0,30,305.015532
-20.7,67,305.111988
22.5,115,305.286137
-23.0,120,305.465585
-24.3,43,305.531703
-3.8,48,305.608603
-4.6,106,305.769229
13.1,29,305.839585
-10.2,12,305.863113
-9.6,26,305.899815
-18.1,81,306.008385
-17.0,40,306.052264
-35.4,124,306.187844
2.7,103,306.304492
-10.2,32,306.339386
-4.5,135,306.514612
-8.5,65,306.596378
-33.0,40,306.646854
-2.7,97,306.764549
-23.1,51,306.832373
-20.5,25,306.864772
-20.2,12,306.876608
-23.7,147,307.055765
12.8,72,307.151669
-12.1,21,307.178929
-24.2,72,307.27806
-5.6,26,307.313212
-10.5,25,307.339917
-26.0,120,308.654712
-4.1,21,308.684121
-8.3,23,308.723331
10.2,288,309.178434
-14.4,54,309.27052
-18.4,34,309.324099
-18.8,18,309.353442
-13.0,20,309.387223
-14.9,29,309.430327
-24.1,81,309.563776
-7.0,40,309.626897
